{"type":"FeatureCollection", "features": [
{"type":"Feature","geometry":{"type":"MultiPolygon","coordinates":[[[[-74.0505,40.5664],[-74.0511,40.5667],[-74.0507,40.5663],[-74.0509,40.5661],[-74.05,40.5653],[-74.0492,40.5654],[-74.0493,40.5659],[-74.05,40.5664],[-74.0505,40.5664]]],[[[-74.0531,40.5777],[-74.0529,40.5799],[-74.0537,40.5805],[-74.0548,40.5799],[-74.0549,40.5778],[-74.0541,40.5771],[-74.0531,40.5777]]],[[[-74.1595,40.6414],[-74.1588,40.6418],[-74.1586,40.6425],[-74.1576,40.6432],[-74.1581,40.6438],[-74.1615,40.6442],[-74.1611,40.6418],[-74.1595,40.6414]]],[[[-74.0822,40.6483],[-74.0848,40.6489],[-74.0857,40.6489],[-74.093,40.646],[-74.096,40.6454],[-74.0985,40.6454],[-74.0988,40.645],[-74.1001,40.6451],[-74.1041,40.6457],[-74.1047,40.6456],[-74.1097,40.6455],[-74.1117,40.6447],[-74.1112,40.6451],[-74.1133,40.6437],[-74.1137,40.6437],[-74.1139,40.6441],[-74.1129,40.6445],[-74.114,40.6441],[-74.1138,40.6436],[-74.1154,40.6425],[-74.1161,40.6422],[-74.1167,40.6432],[-74.1163,40.6422],[-74.1167,40.6421],[-74.1172,40.643],[-74.1167,40.642],[-74.1172,40.6418],[-74.1171,40.6417],[-74.1177,40.6415],[-74.1179,40.6418],[-74.1184,40.6415],[-74.1188,40.6425],[-74.1186,40.6415],[-74.119,40.6415],[-74.1194,40.6424],[-74.1191,40.6415],[-74.1195,40.6415],[-74.12,40.6422],[-74.1196,40.6414],[-74.1199,40.6412],[-74.1207,40.641],[-74.1212,40.6414],[-74.1211,40.6416],[-74.1213,40.6414],[-74.1212,40.6417],[-74.1213,40.6415],[-74.1213,40.6416],[-74.1217,40.6414],[-74.1216,40.6416],[-74.1218,40.6416],[-74.1218,40.6414],[-74.122,40.6416],[-74.1218,40.6414],[-74.1228,40.6413],[-74.1226,40.6406],[-74.1229,40.6408],[-74.1242,40.6401],[-74.126,40.6402],[-74.1261,40.6413],[-74.1256,40.6414],[-74.1264,40.6413],[-74.1261,40.6403],[-74.1271,40.6402],[-74.127,40.6393],[-74.1275,40.6402],[-74.1288,40.6402],[-74.1289,40.6412],[-74.1289,40.6404],[-74.1293,40.6403],[-74.13,40.6407],[-74.1295,40.6414],[-74.1302,40.6407],[-74.1301,40.641],[-74.1303,40.6408],[-74.1315,40.6413],[-74.1313,40.6416],[-74.1324,40.6417],[-74.133,40.6414],[-74.1344,40.6419],[-74.1374,40.6413],[-74.1376,40.641],[-74.1408,40.6406],[-74.1415,40.6401],[-74.1416,40.6404],[-74.1423,40.6403],[-74.1424,40.6396],[-74.1434,40.6397],[-74.1439,40.6389],[-74.1452,40.6394],[-74.146,40.6391],[-74.1488,40.6389],[-74.1486,40.6374],[-74.1489,40.6387],[-74.1492,40.6387],[-74.1494,40.6383],[-74.1494,40.6374],[-74.1506,40.6386],[-74.1511,40.6385],[-74.1514,40.6394],[-74.1512,40.6377],[-74.152,40.6377],[-74.1523,40.6383],[-74.1522,40.6377],[-74.1527,40.6376],[-74.1528,40.6371],[-74.1546,40.6373],[-74.1547,40.6392],[-74.1548,40.6377],[-74.1557,40.6378],[-74.1557,40.6375],[-74.1561,40.6375],[-74.1561,40.6379],[-74.1578,40.638],[-74.1577,40.6389],[-74.1579,40.638],[-74.1589,40.6383],[-74.159,40.6388],[-74.1591,40.638],[-74.1593,40.6378],[-74.1599,40.6387],[-74.1602,40.6383],[-74.1599,40.6399],[-74.1603,40.6384],[-74.1611,40.6386],[-74.1609,40.6394],[-74.1612,40.6386],[-74.1617,40.6387],[-74.1614,40.6394],[-74.1618,40.6386],[-74.1623,40.6388],[-74.1617,40.6406],[-74.1628,40.641],[-74.1632,40.641],[-74.1635,40.6399],[-74.1638,40.6399],[-74.164,40.6399],[-74.164,40.6411],[-74.1642,40.64],[-74.1646,40.6403],[-74.1644,40.6414],[-74.1647,40.6404],[-74.1652,40.6406],[-74.1649,40.6422],[-74.1654,40.6423],[-74.1658,40.6412],[-74.1663,40.6414],[-74.1661,40.6424],[-74.1665,40.6414],[-74.1691,40.6421],[-74.1692,40.6419],[-74.1701,40.6421],[-74.1703,40.6418],[-74.1712,40.6417],[-74.1711,40.6426],[-74.1716,40.641],[-74.173,40.6405],[-74.1716,40.641],[-74.1715,40.6417],[-74.1719,40.6425],[-74.1713,40.6429],[-74.1715,40.6431],[-74.172,40.6429],[-74.1727,40.6429],[-74.1724,40.6433],[-74.173,40.6436],[-74.1729,40.6442],[-74.1744,40.6451],[-74.1753,40.6451],[-74.1755,40.6446],[-74.1757,40.6447],[-74.1756,40.6433],[-74.1767,40.6434],[-74.1767,40.6426],[-74.1764,40.6423],[-74.1767,40.6424],[-74.1772,40.6431],[-74.1777,40.6429],[-74.1778,40.6426],[-74.1783,40.6426],[-74.1783,40.6421],[-74.1792,40.643],[-74.1796,40.6419],[-74.1794,40.6431],[-74.179,40.6434],[-74.1791,40.6446],[-74.1793,40.645],[-74.1793,40.6444],[-74.1797,40.6444],[-74.18,40.6453],[-74.18,40.6443],[-74.1805,40.6443],[-74.1809,40.6449],[-74.1812,40.6446],[-74.1829,40.6448],[-74.1837,40.6446],[-74.1832,40.643],[-74.1838,40.6433],[-74.184,40.6431],[-74.1837,40.6422],[-74.1844,40.6431],[-74.1841,40.6435],[-74.1848,40.6441],[-74.1852,40.6439],[-74.1851,40.6438],[-74.1859,40.6436],[-74.1862,40.6432],[-74.1865,40.6434],[-74.1937,40.6376],[-74.1936,40.6375],[-74.1946,40.6374],[-74.1948,40.6371],[-74.1945,40.6371],[-74.1944,40.6366],[-74.1952,40.6357],[-74.1953,40.6352],[-74.196,40.635],[-74.1963,40.6341],[-74.1969,40.6338],[-74.1968,40.6334],[-74.1973,40.633],[-74.198,40.633],[-74.198,40.6328],[-74.1986,40.6327],[-74.2002,40.6314],[-74.2004,40.6315],[-74.2002,40.6313],[-74.2004,40.6303],[-74.2008,40.6304],[-74.2004,40.6303],[-74.2004,40.6298],[-74.201,40.6293],[-74.2014,40.6261],[-74.2011,40.6259],[-74.2011,40.6241],[-74.2016,40.6231],[-74.2015,40.6227],[-74.2013,40.6227],[-74.2014,40.6216],[-74.2009,40.6206],[-74.2004,40.6205],[-74.2005,40.6203],[-74.2011,40.6204],[-74.2007,40.6192],[-74.2008,40.6188],[-74.2004,40.6183],[-74.2005,40.618],[-74.2009,40.6181],[-74.2009,40.6178],[-74.2005,40.6163],[-74.2024,40.6133],[-74.2023,40.6119],[-74.2028,40.6083],[-74.2022,40.606],[-74.2014,40.6046],[-74.2001,40.6037],[-74.1988,40.6017],[-74.1973,40.5981],[-74.1975,40.5968],[-74.1995,40.5943],[-74.1994,40.5941],[-74.1997,40.5936],[-74.2005,40.5928],[-74.2009,40.5929],[-74.2023,40.5915],[-74.202,40.5918],[-74.2018,40.5916],[-74.202,40.591],[-74.2031,40.5911],[-74.2025,40.5908],[-74.202,40.5909],[-74.2024,40.5906],[-74.2027,40.5907],[-74.2039,40.5898],[-74.2039,40.5902],[-74.2046,40.5893],[-74.2044,40.5892],[-74.2047,40.5888],[-74.2043,40.5891],[-74.2041,40.5889],[-74.2046,40.5882],[-74.2041,40.5859],[-74.2046,40.5843],[-74.2044,40.5837],[-74.2051,40.5822],[-74.2051,40.5816],[-74.206,40.5804],[-74.2059,40.5786],[-74.2063,40.5775],[-74.2068,40.5772],[-74.2066,40.5767],[-74.2071,40.5763],[-74.2068,40.5759],[-74.2073,40.5753],[-74.2071,40.5743],[-74.2078,40.5726],[-74.208,40.5705],[-74.2089,40.5696],[-74.2089,40.5689],[-74.2095,40.5679],[-74.2114,40.5635],[-74.2111,40.5621],[-74.2113,40.5612],[-74.2112,40.5605],[-74.2119,40.5596],[-74.212,40.5584],[-74.2133,40.5566],[-74.2138,40.5564],[-74.2146,40.5569],[-74.215,40.5568],[-74.2147,40.5562],[-74.216,40.5555],[-74.2178,40.555],[-74.2188,40.556],[-74.2186,40.5547],[-74.219,40.5549],[-74.2192,40.5558],[-74.2191,40.5548],[-74.2197,40.5546],[-74.2203,40.5556],[-74.2209,40.5559],[-74.2213,40.5554],[-74.2216,40.5556],[-74.2218,40.5554],[-74.2226,40.5554],[-74.2238,40.5559],[-74.2234,40.556],[-74.2239,40.5561],[-74.2239,40.5559],[-74.2264,40.5563],[-74.2274,40.556],[-74.2283,40.5564],[-74.2291,40.5561],[-74.2293,40.5555],[-74.2302,40.5554],[-74.2307,40.5556],[-74.2319,40.5541],[-74.2323,40.5534],[-74.2333,40.5525],[-74.2349,40.553],[-74.2364,40.5523],[-74.2365,40.552],[-74.2362,40.5514],[-74.2364,40.5505],[-74.2376,40.5501],[-74.2384,40.5491],[-74.2404,40.5477],[-74.2422,40.5469],[-74.2429,40.5471],[-74.2436,40.5476],[-74.2434,40.5479],[-74.2461,40.5457],[-74.248,40.5431],[-74.2477,40.5431],[-74.2465,40.5422],[-74.2456,40.5409],[-74.2454,40.5396],[-74.2444,40.538],[-74.2453,40.5369],[-74.2449,40.5367],[-74.2446,40.5369],[-74.2441,40.5369],[-74.2441,40.5362],[-74.2437,40.5361],[-74.242,40.5343],[-74.2422,40.5326],[-74.2418,40.5326],[-74.2415,40.531],[-74.2422,40.5298],[-74.2425,40.5284],[-74.2429,40.5282],[-74.2433,40.5259],[-74.244,40.5249],[-74.2434,40.5248],[-74.2428,40.524],[-74.2426,40.5222],[-74.2429,40.5212],[-74.2413,40.5209],[-74.2412,40.5211],[-74.2398,40.5201],[-74.2405,40.5192],[-74.241,40.5195],[-74.2423,40.5183],[-74.2437,40.5183],[-74.2443,40.5185],[-74.2451,40.5181],[-74.2456,40.5181],[-74.2452,40.5173],[-74.2463,40.5168],[-74.2465,40.517],[-74.2465,40.5167],[-74.247,40.5172],[-74.2465,40.5167],[-74.2467,40.5165],[-74.2461,40.5161],[-74.2464,40.516],[-74.2469,40.5161],[-74.2475,40.5157],[-74.2489,40.5172],[-74.2485,40.5175],[-74.2494,40.517],[-74.2489,40.5172],[-74.2483,40.5165],[-74.2485,40.5162],[-74.2488,40.5164],[-74.2486,40.5161],[-74.2494,40.5157],[-74.2499,40.5161],[-74.2492,40.5151],[-74.2506,40.5161],[-74.2499,40.5155],[-74.2502,40.5154],[-74.2506,40.5157],[-74.2501,40.515],[-74.2521,40.5137],[-74.252,40.513],[-74.2531,40.5121],[-74.253,40.5114],[-74.2535,40.5117],[-74.253,40.5112],[-74.2533,40.5111],[-74.2531,40.5111],[-74.2533,40.5099],[-74.2536,40.5095],[-74.2545,40.51],[-74.2546,40.5098],[-74.2537,40.5094],[-74.254,40.5093],[-74.2543,40.5094],[-74.254,40.509],[-74.2546,40.5087],[-74.255,40.5088],[-74.2546,40.5087],[-74.2555,40.5079],[-74.2553,40.5043],[-74.2547,40.503],[-74.2532,40.5001],[-74.2511,40.4989],[-74.2509,40.498],[-74.2496,40.4968],[-74.2484,40.4963],[-74.2468,40.4961],[-74.2443,40.4975],[-74.2398,40.4976],[-74.2385,40.4989],[-74.2377,40.4991],[-74.2368,40.5],[-74.2312,40.5018],[-74.2273,40.5023],[-74.225,40.5018],[-74.223,40.5025],[-74.2198,40.5027],[-74.2176,40.5033],[-74.2151,40.5061],[-74.2143,40.5065],[-74.2139,40.5066],[-74.2135,40.5064],[-74.2099,40.5107],[-74.2097,40.5108],[-74.2093,40.5104],[-74.2092,40.5105],[-74.2097,40.5108],[-74.2076,40.5119],[-74.2008,40.513],[-74.1991,40.5131],[-74.1989,40.5128],[-74.2001,40.5126],[-74.1997,40.5114],[-74.1986,40.5112],[-74.1965,40.5099],[-74.1952,40.51],[-74.1941,40.5106],[-74.1897,40.5153],[-74.1888,40.5151],[-74.1893,40.5153],[-74.1885,40.5163],[-74.1866,40.5181],[-74.1848,40.5193],[-74.1811,40.5207],[-74.1798,40.5206],[-74.1792,40.52],[-74.1783,40.5199],[-74.1776,40.5192],[-74.176,40.5209],[-74.1727,40.523],[-74.1713,40.5235],[-74.1705,40.523],[-74.17,40.523],[-74.1623,40.5272],[-74.1616,40.527],[-74.1603,40.5276],[-74.1597,40.5273],[-74.1583,40.5283],[-74.158,40.5281],[-74.1583,40.5283],[-74.157,40.529],[-74.1567,40.529],[-74.1562,40.5286],[-74.1564,40.5289],[-74.156,40.5294],[-74.1557,40.5296],[-74.1555,40.5294],[-74.1556,40.5296],[-74.1549,40.5302],[-74.1545,40.5301],[-74.1546,40.5304],[-74.1541,40.5308],[-74.1539,40.5307],[-74.154,40.5308],[-74.1525,40.5321],[-74.1519,40.5322],[-74.1511,40.5327],[-74.1507,40.5325],[-74.1498,40.5334],[-74.1498,40.5339],[-74.1492,40.5342],[-74.1467,40.5354],[-74.146,40.5354],[-74.1454,40.5358],[-74.1447,40.5358],[-74.1438,40.5371],[-74.1416,40.5371],[-74.1424,40.5378],[-74.1422,40.5379],[-74.1413,40.5371],[-74.141,40.5373],[-74.1412,40.5373],[-74.1422,40.5379],[-74.1418,40.5384],[-74.1423,40.5381],[-74.1418,40.5385],[-74.1423,40.5391],[-74.1417,40.5393],[-74.142,40.5396],[-74.1418,40.5401],[-74.1425,40.5413],[-74.1423,40.5423],[-74.1417,40.5423],[-74.1419,40.5422],[-74.141,40.5414],[-74.1406,40.5417],[-74.1409,40.5416],[-74.1418,40.5422],[-74.1415,40.5424],[-74.1413,40.5423],[-74.1415,40.5425],[-74.1413,40.5423],[-74.1413,40.5426],[-74.1407,40.5419],[-74.1403,40.542],[-74.1413,40.5426],[-74.1411,40.5428],[-74.1414,40.543],[-74.1402,40.5424],[-74.1403,40.5422],[-74.1402,40.5424],[-74.1413,40.5431],[-74.1408,40.5429],[-74.1406,40.5431],[-74.1399,40.5424],[-74.1396,40.5425],[-74.1406,40.5431],[-74.1403,40.5434],[-74.1395,40.5427],[-74.1394,40.5428],[-74.1403,40.5434],[-74.1403,40.5436],[-74.1394,40.543],[-74.1392,40.5432],[-74.1404,40.544],[-74.14,40.5438],[-74.1399,40.544],[-74.1399,40.5438],[-74.1397,40.5439],[-74.139,40.5432],[-74.1388,40.5433],[-74.1389,40.5431],[-74.1387,40.5433],[-74.1398,40.5441],[-74.1396,40.5443],[-74.1385,40.5434],[-74.1383,40.5436],[-74.1385,40.5436],[-74.1383,40.5439],[-74.1385,40.5436],[-74.1388,40.5438],[-74.1384,40.544],[-74.1386,40.5441],[-74.1388,40.5438],[-74.1391,40.544],[-74.1387,40.5441],[-74.1389,40.5442],[-74.1391,40.544],[-74.1392,40.5441],[-74.139,40.5444],[-74.1394,40.5442],[-74.1391,40.5445],[-74.1395,40.5443],[-74.139,40.5447],[-74.138,40.5439],[-74.1379,40.5441],[-74.139,40.5447],[-74.1388,40.5449],[-74.1378,40.5441],[-74.1376,40.5443],[-74.1389,40.5451],[-74.1379,40.546],[-74.1369,40.5447],[-74.1366,40.5448],[-74.1375,40.5456],[-74.1372,40.5458],[-74.1364,40.5449],[-74.1361,40.545],[-74.1372,40.5458],[-74.1371,40.546],[-74.1365,40.5459],[-74.1364,40.5463],[-74.135,40.5467],[-74.1329,40.5468],[-74.1307,40.5463],[-74.1295,40.5456],[-74.1281,40.544],[-74.1278,40.5436],[-74.128,40.5435],[-74.1276,40.5435],[-74.1279,40.5434],[-74.1277,40.5434],[-74.1275,40.5431],[-74.1274,40.5419],[-74.1281,40.5406],[-74.1312,40.5379],[-74.1318,40.5383],[-74.1315,40.5386],[-74.1311,40.5382],[-74.131,40.5383],[-74.1315,40.5386],[-74.1312,40.5389],[-74.1308,40.5385],[-74.1307,40.5386],[-74.1312,40.5389],[-74.1309,40.5391],[-74.1305,40.5388],[-74.1303,40.5389],[-74.1308,40.5391],[-74.1305,40.5394],[-74.1302,40.539],[-74.13,40.5392],[-74.1305,40.5394],[-74.1302,40.5397],[-74.1298,40.5393],[-74.1297,40.5395],[-74.1302,40.5397],[-74.13,40.54],[-74.1339,40.5366],[-74.1334,40.5369],[-74.133,40.5366],[-74.1329,40.5367],[-74.1334,40.537],[-74.1331,40.5372],[-74.1327,40.5369],[-74.1326,40.537],[-74.1331,40.5372],[-74.1328,40.5375],[-74.1324,40.5371],[-74.1322,40.5373],[-74.1328,40.5375],[-74.1325,40.5378],[-74.1321,40.5374],[-74.1319,40.5375],[-74.1324,40.5378],[-74.1321,40.538],[-74.1318,40.5377],[-74.1317,40.5379],[-74.1321,40.5381],[-74.1318,40.5383],[-74.1313,40.538],[-74.1315,40.5377],[-74.1312,40.5379],[-74.1329,40.5363],[-74.1332,40.5364],[-74.133,40.5363],[-74.1334,40.5364],[-74.133,40.5362],[-74.134,40.5356],[-74.1358,40.5352],[-74.1384,40.5352],[-74.14,40.5355],[-74.1404,40.5353],[-74.1406,40.5341],[-74.1392,40.5315],[-74.1389,40.53],[-74.1383,40.5297],[-74.1373,40.5297],[-74.1369,40.5293],[-74.1336,40.5315],[-74.1307,40.5345],[-74.1264,40.5405],[-74.1225,40.5449],[-74.1216,40.5453],[-74.1198,40.5455],[-74.118,40.5473],[-74.1165,40.5479],[-74.1155,40.5475],[-74.1147,40.548],[-74.1134,40.5481],[-74.113,40.5478],[-74.1128,40.5479],[-74.1103,40.5515],[-74.1073,40.5541],[-74.1065,40.5542],[-74.1064,40.5539],[-74.1048,40.553],[-74.1051,40.5532],[-74.1047,40.5541],[-74.1031,40.5559],[-74.1027,40.5561],[-74.1014,40.5556],[-74.1018,40.5562],[-74.1008,40.5583],[-74.0999,40.5591],[-74.0994,40.559],[-74.0988,40.5594],[-74.0978,40.5591],[-74.0983,40.5593],[-74.0982,40.5598],[-74.0966,40.5621],[-74.0954,40.5632],[-74.0941,40.5627],[-74.091,40.5667],[-74.09,40.5674],[-74.0892,40.567],[-74.0883,40.5683],[-74.0873,40.5691],[-74.0862,40.5685],[-74.0869,40.569],[-74.086,40.5703],[-74.0805,40.575],[-74.0793,40.5756],[-74.0787,40.5751],[-74.0793,40.5757],[-74.0774,40.5773],[-74.0769,40.5775],[-74.0767,40.5774],[-74.0769,40.5776],[-74.076,40.5782],[-74.0753,40.5779],[-74.0758,40.5783],[-74.0751,40.5792],[-74.0736,40.5782],[-74.0734,40.5783],[-74.0733,40.5785],[-74.075,40.5792],[-74.0718,40.5819],[-74.0715,40.582],[-74.0707,40.5816],[-74.0715,40.5822],[-74.071,40.5832],[-74.0672,40.5867],[-74.0648,40.5885],[-74.0644,40.5883],[-74.065,40.589],[-74.0622,40.592],[-74.0606,40.5934],[-74.0598,40.5938],[-74.0596,40.5937],[-74.0597,40.5939],[-74.0572,40.5964],[-74.0545,40.5988],[-74.0529,40.5999],[-74.0522,40.5998],[-74.0534,40.6005],[-74.053,40.6015],[-74.054,40.6049],[-74.0536,40.6052],[-74.0538,40.6059],[-74.0551,40.6063],[-74.0552,40.6067],[-74.0555,40.6065],[-74.0565,40.6072],[-74.0572,40.6087],[-74.0591,40.6106],[-74.0589,40.6111],[-74.0595,40.6117],[-74.0603,40.6118],[-74.0598,40.6121],[-74.06,40.6128],[-74.0602,40.6128],[-74.0599,40.6121],[-74.0603,40.6119],[-74.0614,40.6144],[-74.0638,40.6168],[-74.0643,40.617],[-74.0639,40.6173],[-74.0644,40.6171],[-74.0651,40.6175],[-74.0643,40.6182],[-74.065,40.6178],[-74.066,40.6182],[-74.0664,40.6179],[-74.0667,40.6181],[-74.0654,40.6192],[-74.0662,40.6187],[-74.0664,40.6189],[-74.066,40.6194],[-74.0665,40.6189],[-74.07,40.6215],[-74.0723,40.6246],[-74.0727,40.6269],[-74.0735,40.6269],[-74.0723,40.6271],[-74.0729,40.63],[-74.0681,40.6285],[-74.068,40.6288],[-74.073,40.6303],[-74.0733,40.6321],[-74.0729,40.6336],[-74.0734,40.6365],[-74.0721,40.6366],[-74.0734,40.6366],[-74.0735,40.6378],[-74.0726,40.6379],[-74.0726,40.6381],[-74.0724,40.6382],[-74.0731,40.6386],[-74.0731,40.6405],[-74.0728,40.6405],[-74.0729,40.6408],[-74.07,40.6411],[-74.07,40.6413],[-74.0729,40.6409],[-74.0731,40.6416],[-74.0702,40.642],[-74.0702,40.6422],[-74.0731,40.6419],[-74.0732,40.6422],[-74.0703,40.6425],[-74.0704,40.6427],[-74.0721,40.6425],[-74.0722,40.6427],[-74.0716,40.6427],[-74.0715,40.6431],[-74.0711,40.6432],[-74.0714,40.6432],[-74.0716,40.6438],[-74.072,40.6438],[-74.0719,40.6442],[-74.0723,40.6443],[-74.072,40.6444],[-74.0723,40.6446],[-74.0717,40.645],[-74.0727,40.6444],[-74.0726,40.6448],[-74.0728,40.6449],[-74.0731,40.6447],[-74.0734,40.645],[-74.0731,40.6448],[-74.073,40.6451],[-74.0732,40.645],[-74.0737,40.6453],[-74.0733,40.6458],[-74.0739,40.6454],[-74.0736,40.645],[-74.074,40.6452],[-74.0745,40.6451],[-74.0765,40.647],[-74.079,40.6481],[-74.0814,40.6485],[-74.0822,40.6483]]]]},"properties":{"borocode":"5","boroname":"Staten Island","shape_area":"1623618358.46","shape_leng":"325912.288988"}},
{"type":"Feature","geometry":{"type":"MultiPolygon","coordinates":[[[[-73.8633,40.5839],[-73.8617,40.5861],[-73.8613,40.588],[-73.8633,40.5909],[-73.8643,40.5914],[-73.8664,40.5919],[-73.8685,40.5901],[-73.8698,40.5895],[-73.8712,40.5869],[-73.8705,40.5833],[-73.869,40.5817],[-73.8677,40.5817],[-73.8645,40.5836],[-73.8638,40.5836],[-73.8633,40.5839]]],[[[-73.8695,40.5987],[-73.8702,40.597],[-73.8697,40.5967],[-73.8695,40.5987]]],[[[-73.9199,40.5996],[-73.9208,40.5995],[-73.9221,40.5987],[-73.9223,40.5984],[-73.9218,40.5973],[-73.9208,40.5963],[-73.9202,40.5962],[-73.9179,40.5947],[-73.9164,40.5931],[-73.916,40.5922],[-73.9152,40.5916],[-73.9144,40.5915],[-73.913,40.592],[-73.9133,40.5922],[-73.9131,40.5941],[-73.9144,40.596],[-73.916,40.5975],[-73.9163,40.5982],[-73.9184,40.5992],[-73.9187,40.5995],[-73.9199,40.5996]]],[[[-73.8702,40.599],[-73.8705,40.6026],[-73.8711,40.5989],[-73.8702,40.599]]],[[[-73.8524,40.5973],[-73.8515,40.5984],[-73.8508,40.5988],[-73.8528,40.6009],[-73.8543,40.6014],[-73.8548,40.6019],[-73.8591,40.6021],[-73.8611,40.6026],[-73.8619,40.6022],[-73.8634,40.6003],[-73.8627,40.5991],[-73.8605,40.5971],[-73.8604,40.5965],[-73.8567,40.5961],[-73.8549,40.5963],[-73.8547,40.5966],[-73.8524,40.5973]]],[[[-73.867,40.6037],[-73.867,40.6042],[-73.8679,40.604],[-73.8683,40.6031],[-73.8677,40.6031],[-73.867,40.6037]]],[[[-73.8467,40.6049],[-73.8478,40.6049],[-73.8479,40.6047],[-73.8475,40.6045],[-73.8466,40.6046],[-73.8464,40.6044],[-73.8467,40.6042],[-73.8462,40.6042],[-73.8456,40.6035],[-73.8452,40.6037],[-73.8455,40.6039],[-73.8449,40.6037],[-73.845,40.6044],[-73.8445,40.6048],[-73.8452,40.6047],[-73.8452,40.6045],[-73.8456,40.6045],[-73.8452,40.6048],[-73.845,40.6048],[-73.8458,40.6048],[-73.8464,40.6042],[-73.8461,40.6045],[-73.8464,40.6045],[-73.8467,40.6049]]],[[[-73.8483,40.6054],[-73.8482,40.6051],[-73.8478,40.6051],[-73.8483,40.6054]]],[[[-73.8484,40.6059],[-73.8487,40.6059],[-73.8483,40.6058],[-73.8484,40.6059]]],[[[-73.8345,40.6072],[-73.8344,40.6079],[-73.8353,40.6069],[-73.8357,40.6058],[-73.8345,40.6072]]],[[[-73.867,40.6081],[-73.8678,40.6085],[-73.8687,40.6082],[-73.8687,40.607],[-73.867,40.6081]]],[[[-73.8697,40.6065],[-73.871,40.6097],[-73.8718,40.6103],[-73.873,40.6106],[-73.8725,40.6082],[-73.8711,40.6063],[-73.8711,40.6047],[-73.8697,40.6065]]],[[[-73.8505,40.6123],[-73.851,40.612],[-73.8511,40.6115],[-73.8514,40.6118],[-73.8517,40.6116],[-73.852,40.6112],[-73.8517,40.6109],[-73.8525,40.6109],[-73.8527,40.6112],[-73.852,40.6102],[-73.8527,40.6104],[-73.8532,40.6101],[-73.8554,40.6101],[-73.8554,40.6104],[-73.8562,40.611],[-73.8566,40.6108],[-73.8559,40.6099],[-73.8559,40.6095],[-73.8552,40.6095],[-73.8555,40.609],[-73.8548,40.6086],[-73.8546,40.6077],[-73.8551,40.6075],[-73.8548,40.6075],[-73.8544,40.6072],[-73.8536,40.6073],[-73.8545,40.6079],[-73.8535,40.6079],[-73.8532,40.6077],[-73.8534,40.608],[-73.853,40.608],[-73.8521,40.6087],[-73.8517,40.6086],[-73.8513,40.6093],[-73.8504,40.6096],[-73.8499,40.6094],[-73.8499,40.6098],[-73.8494,40.6098],[-73.8501,40.6102],[-73.8495,40.6103],[-73.8499,40.611],[-73.8496,40.6115],[-73.8499,40.612],[-73.8497,40.6121],[-73.8505,40.6123]]],[[[-73.8447,40.614],[-73.8456,40.6137],[-73.8453,40.6133],[-73.8457,40.6129],[-73.8451,40.6123],[-73.8453,40.6115],[-73.8449,40.611],[-73.8457,40.6114],[-73.8455,40.6108],[-73.8458,40.6108],[-73.8455,40.6105],[-73.8457,40.6104],[-73.8454,40.6101],[-73.8457,40.61],[-73.8454,40.6098],[-73.8457,40.6097],[-73.8456,40.6093],[-73.846,40.6088],[-73.8458,40.6086],[-73.8463,40.6083],[-73.8455,40.6085],[-73.8449,40.6081],[-73.8456,40.6083],[-73.8462,40.6079],[-73.8468,40.6081],[-73.847,40.6075],[-73.8475,40.607],[-73.8482,40.6071],[-73.8481,40.6067],[-73.8483,40.6069],[-73.8488,40.6065],[-73.8493,40.6067],[-73.8497,40.6066],[-73.8496,40.606],[-73.8488,40.6064],[-73.8477,40.6059],[-73.847,40.6061],[-73.8464,40.6062],[-73.8462,40.6066],[-73.8462,40.6067],[-73.8465,40.6067],[-73.8467,40.6065],[-73.8469,40.6066],[-73.8468,40.6067],[-73.8466,40.6066],[-73.8467,40.6069],[-73.8464,40.607],[-73.8465,40.6071],[-73.8466,40.6072],[-73.8464,40.6073],[-73.8465,40.6072],[-73.8464,40.6071],[-73.8466,40.6068],[-73.8462,40.6068],[-73.8461,40.6066],[-73.8462,40.6064],[-73.8459,40.6063],[-73.8466,40.6061],[-73.8466,40.6058],[-73.8468,40.6058],[-73.8467,40.606],[-73.8473,40.6058],[-73.8475,40.6051],[-73.8467,40.6051],[-73.8463,40.6047],[-73.8458,40.6052],[-73.8449,40.605],[-73.8453,40.6054],[-73.8451,40.6055],[-73.8454,40.6057],[-73.845,40.6059],[-73.8453,40.6063],[-73.8446,40.6063],[-73.8446,40.6066],[-73.8441,40.6059],[-73.8443,40.6058],[-73.8447,40.6061],[-73.8446,40.605],[-73.8438,40.6045],[-73.8436,40.6051],[-73.8441,40.6054],[-73.8437,40.6058],[-73.8439,40.6064],[-73.8436,40.6058],[-73.8438,40.6054],[-73.8434,40.605],[-73.8433,40.6052],[-73.8428,40.6047],[-73.843,40.6051],[-73.8424,40.6053],[-73.8419,40.6049],[-73.8424,40.6048],[-73.8427,40.6051],[-73.8427,40.6046],[-73.8434,40.6047],[-73.8436,40.6044],[-73.8445,40.6043],[-73.844,40.6041],[-73.8433,40.6044],[-73.843,40.6042],[-73.8419,40.6048],[-73.8416,40.6045],[-73.8411,40.6047],[-73.8412,40.6055],[-73.8408,40.6056],[-73.8406,40.6054],[-73.8404,40.6062],[-73.8413,40.6063],[-73.8414,40.6068],[-73.841,40.607],[-73.8405,40.607],[-73.84,40.6075],[-73.8394,40.6076],[-73.8404,40.6083],[-73.8405,40.6086],[-73.8401,40.609],[-73.84,40.6082],[-73.8396,40.6081],[-73.8391,40.6083],[-73.8389,40.6079],[-73.8385,40.6092],[-73.8375,40.6102],[-73.8375,40.6109],[-73.837,40.6111],[-73.8362,40.6122],[-73.8371,40.6129],[-73.8382,40.6131],[-73.8388,40.6128],[-73.8387,40.612],[-73.8391,40.6125],[-73.8398,40.6124],[-73.8403,40.612],[-73.8407,40.6114],[-73.8407,40.6116],[-73.8416,40.6118],[-73.8415,40.6123],[-73.8418,40.6127],[-73.8426,40.6132],[-73.8434,40.613],[-73.8436,40.6137],[-73.8447,40.614]]],[[[-73.834,40.6158],[-73.8337,40.621],[-73.8343,40.6206],[-73.8342,40.6203],[-73.8345,40.6201],[-73.8338,40.6196],[-73.8344,40.6199],[-73.8347,40.6202],[-73.8345,40.6204],[-73.8349,40.6205],[-73.8353,40.6201],[-73.8348,40.6199],[-73.8349,40.6196],[-73.8351,40.6195],[-73.835,40.6198],[-73.8352,40.62],[-73.8357,40.6197],[-73.8354,40.6187],[-73.835,40.6185],[-73.8353,40.6172],[-73.8364,40.6162],[-73.8369,40.6162],[-73.8378,40.6156],[-73.8366,40.6151],[-73.8365,40.6153],[-73.8363,40.6151],[-73.8359,40.6152],[-73.8354,40.6146],[-73.8341,40.6144],[-73.834,40.6158]]],[[[-73.8336,40.6226],[-73.8341,40.6224],[-73.835,40.6227],[-73.8346,40.622],[-73.835,40.621],[-73.8341,40.621],[-73.8337,40.6214],[-73.8336,40.6226]]],[[[-73.8502,40.6233],[-73.8502,40.6236],[-73.8509,40.6233],[-73.8513,40.6235],[-73.8518,40.6233],[-73.8519,40.6228],[-73.8524,40.623],[-73.8513,40.6218],[-73.8514,40.6208],[-73.8519,40.6206],[-73.8536,40.6205],[-73.8545,40.6208],[-73.8546,40.6216],[-73.8552,40.622],[-73.8553,40.6217],[-73.856,40.6218],[-73.8564,40.6214],[-73.8566,40.6215],[-73.8566,40.6211],[-73.8574,40.6206],[-73.8574,40.6203],[-73.8568,40.6204],[-73.8566,40.6196],[-73.8561,40.6198],[-73.8555,40.6198],[-73.8549,40.62],[-73.854,40.6199],[-73.8535,40.6202],[-73.8509,40.6202],[-73.8505,40.6209],[-73.8502,40.6208],[-73.8498,40.6213],[-73.849,40.6215],[-73.8485,40.6224],[-73.8494,40.6225],[-73.8502,40.6233]]],[[[-73.8621,40.624],[-73.8621,40.6243],[-73.8626,40.624],[-73.8631,40.624],[-73.8634,40.6242],[-73.8634,40.6239],[-73.8638,40.624],[-73.8635,40.6234],[-73.863,40.6233],[-73.8625,40.6239],[-73.8622,40.6238],[-73.8621,40.624]]],[[[-73.8459,40.625],[-73.8458,40.6246],[-73.8452,40.6244],[-73.8452,40.6241],[-73.8455,40.6241],[-73.8451,40.6234],[-73.8454,40.623],[-73.8443,40.623],[-73.8433,40.6234],[-73.8429,40.6233],[-73.8432,40.6237],[-73.8439,40.6238],[-73.8438,40.6243],[-73.8448,40.6242],[-73.8448,40.6249],[-73.8459,40.625]]],[[[-73.8578,40.6248],[-73.8573,40.6251],[-73.8577,40.6253],[-73.8578,40.6248]]],[[[-73.8405,40.6275],[-73.8407,40.6274],[-73.8401,40.627],[-73.8404,40.6266],[-73.8424,40.6274],[-73.8415,40.6268],[-73.8418,40.6266],[-73.8417,40.6264],[-73.8408,40.6261],[-73.8407,40.6259],[-73.8401,40.6268],[-73.8395,40.6273],[-73.8398,40.6275],[-73.8397,40.6273],[-73.8405,40.6275]]],[[[-73.8687,40.6174],[-73.8668,40.6178],[-73.8658,40.6185],[-73.865,40.6205],[-73.8652,40.6219],[-73.8664,40.623],[-73.8665,40.6238],[-73.8659,40.6244],[-73.8655,40.6252],[-73.865,40.6257],[-73.8647,40.6265],[-73.8652,40.6277],[-73.8665,40.6283],[-73.8748,40.6236],[-73.8778,40.6217],[-73.8789,40.6206],[-73.8797,40.6189],[-73.8795,40.6166],[-73.8786,40.6159],[-73.878,40.6158],[-73.874,40.6158],[-73.8687,40.6174]]],[[[-73.8481,40.6285],[-73.8481,40.6288],[-73.8484,40.6289],[-73.8484,40.6286],[-73.8481,40.6285]]],[[[-73.853,40.632],[-73.8523,40.6332],[-73.8524,40.6336],[-73.8533,40.6339],[-73.8543,40.6337],[-73.855,40.6334],[-73.8554,40.6328],[-73.8576,40.6327],[-73.8582,40.632],[-73.8581,40.6312],[-73.8586,40.6305],[-73.8578,40.6299],[-73.8568,40.6298],[-73.8551,40.6301],[-73.8537,40.6309],[-73.8522,40.6304],[-73.8517,40.6309],[-73.8526,40.6312],[-73.853,40.632]]],[[[-73.8464,40.6353],[-73.845,40.6357],[-73.8443,40.6367],[-73.8454,40.6374],[-73.846,40.6385],[-73.8467,40.6387],[-73.8476,40.6383],[-73.8483,40.6375],[-73.8489,40.6354],[-73.8499,40.6341],[-73.85,40.6321],[-73.849,40.6321],[-73.8478,40.6328],[-73.8464,40.6353]]],[[[-73.9192,40.7078],[-73.9219,40.7094],[-73.9207,40.7105],[-73.9215,40.711],[-73.9222,40.7129],[-73.9243,40.7141],[-73.9249,40.7153],[-73.9243,40.7158],[-73.9231,40.7163],[-73.9236,40.7173],[-73.9246,40.718],[-73.9283,40.7171],[-73.9289,40.7166],[-73.9284,40.7155],[-73.9309,40.7149],[-73.9311,40.7146],[-73.9304,40.7132],[-73.9318,40.7126],[-73.9316,40.712],[-73.9308,40.7122],[-73.9315,40.7119],[-73.9303,40.7089],[-73.9304,40.7087],[-73.9309,40.7092],[-73.9319,40.7113],[-73.9333,40.711],[-73.9334,40.7112],[-73.932,40.7116],[-73.9326,40.7131],[-73.9316,40.7133],[-73.9312,40.7137],[-73.9314,40.7144],[-73.9318,40.7147],[-73.9321,40.7147],[-73.9322,40.715],[-73.9295,40.7157],[-73.9293,40.7161],[-73.9297,40.717],[-73.9289,40.7177],[-73.9284,40.7176],[-73.9249,40.7184],[-73.9245,40.7197],[-73.9248,40.7203],[-73.9256,40.7201],[-73.9278,40.7249],[-73.9279,40.7259],[-73.9292,40.7274],[-73.932,40.7281],[-73.9349,40.7285],[-73.9369,40.7291],[-73.9381,40.7297],[-73.9398,40.7312],[-73.9411,40.7342],[-73.9424,40.7354],[-73.9445,40.7363],[-73.9452,40.7355],[-73.945,40.7364],[-73.9456,40.7366],[-73.9459,40.7361],[-73.9462,40.7362],[-73.9467,40.7353],[-73.9466,40.7344],[-73.9471,40.7344],[-73.9472,40.7354],[-73.9465,40.7369],[-73.9529,40.7389],[-73.9547,40.7391],[-73.9569,40.7389],[-73.9598,40.7371],[-73.9621,40.7345],[-73.9623,40.7334],[-73.9617,40.7316],[-73.9617,40.7315],[-73.9613,40.7302],[-73.9613,40.7301],[-73.961,40.7287],[-73.9616,40.7259],[-73.9603,40.7259],[-73.9601,40.7253],[-73.9584,40.7254],[-73.958,40.725],[-73.9579,40.7246],[-73.9583,40.7244],[-73.9604,40.7251],[-73.9612,40.7253],[-73.9615,40.7251],[-73.9619,40.7253],[-73.9621,40.7251],[-73.9617,40.7249],[-73.962,40.724],[-73.9621,40.7239],[-73.963,40.722],[-73.964,40.7209],[-73.9641,40.7208],[-73.9642,40.7207],[-73.9643,40.7206],[-73.9644,40.7205],[-73.9644,40.7204],[-73.9645,40.72],[-73.965,40.7204],[-73.9651,40.7203],[-73.9654,40.7197],[-73.9651,40.7192],[-73.9657,40.7187],[-73.9658,40.7187],[-73.9666,40.718],[-73.9688,40.7132],[-73.9685,40.7131],[-73.9685,40.7128],[-73.9689,40.7126],[-73.9693,40.7111],[-73.9699,40.7113],[-73.9694,40.711],[-73.9698,40.7108],[-73.9697,40.7105],[-73.9701,40.7105],[-73.9696,40.7103],[-73.9699,40.7093],[-73.9698,40.708],[-73.9693,40.7071],[-73.9693,40.7051],[-73.9675,40.7039],[-73.9675,40.7034],[-73.9702,40.7049],[-73.9702,40.7054],[-73.9705,40.7054],[-73.9703,40.7069],[-73.9723,40.7091],[-73.9728,40.7088],[-73.9711,40.7069],[-73.9711,40.7059],[-73.9742,40.708],[-73.9746,40.7077],[-73.9725,40.7062],[-73.9734,40.7057],[-73.9744,40.7063],[-73.9747,40.7061],[-73.971,40.7038],[-73.9711,40.7035],[-73.9722,40.704],[-73.9723,40.7038],[-73.969,40.7017],[-73.9692,40.7014],[-73.9727,40.7035],[-73.9728,40.7033],[-73.9695,40.7005],[-73.9698,40.7002],[-73.9728,40.7027],[-73.9733,40.7024],[-73.9708,40.7],[-73.9711,40.6999],[-73.9732,40.7017],[-73.9738,40.7015],[-73.9724,40.7002],[-73.9729,40.7003],[-73.9741,40.7013],[-73.9754,40.6996],[-73.9757,40.6996],[-73.9758,40.6998],[-73.9746,40.7016],[-73.976,40.7019],[-73.9753,40.703],[-73.9755,40.703],[-73.9762,40.7022],[-73.9769,40.7028],[-73.976,40.7047],[-73.9762,40.7048],[-73.9771,40.703],[-73.9775,40.7032],[-73.9772,40.7042],[-73.978,40.7043],[-73.9786,40.705],[-73.9783,40.706],[-73.9789,40.7061],[-73.9784,40.706],[-73.9787,40.7055],[-73.9786,40.7058],[-73.9787,40.7055],[-73.9789,40.7055],[-73.9788,40.7059],[-73.979,40.7055],[-73.9792,40.7056],[-73.9791,40.706],[-73.9796,40.7057],[-73.9809,40.7059],[-73.9809,40.7054],[-73.9823,40.7056],[-73.9825,40.7055],[-73.9834,40.7055],[-73.9834,40.7056],[-73.9864,40.7053],[-73.9865,40.705],[-73.9869,40.7052],[-73.988,40.7051],[-73.9883,40.7051],[-73.9883,40.7045],[-73.9902,40.7049],[-73.9909,40.704],[-73.9919,40.7041],[-73.9921,40.7047],[-73.9935,40.7046],[-73.9946,40.7044],[-73.9948,40.704],[-73.9949,40.7038],[-73.9948,40.7033],[-73.995,40.7031],[-73.9951,40.703],[-73.9967,40.7009],[-73.9972,40.7001],[-73.9972,40.6998],[-73.9975,40.6996],[-73.998,40.6988],[-73.9984,40.6981],[-73.9989,40.6972],[-73.999,40.6968],[-73.9995,40.6967],[-73.9994,40.6964],[-74.0003,40.695],[-74.001,40.6941],[-74.0013,40.6933],[-74.0017,40.6924],[-74.0018,40.6923],[-74.0018,40.6922],[-74.002,40.6918],[-74.0013,40.6915],[-74.0007,40.6906],[-74.001,40.6901],[-74.0019,40.6904],[-74.002,40.6901],[-74.003,40.6904],[-74.0034,40.6896],[-74.0038,40.6889],[-74.0046,40.6882],[-74.005,40.6876],[-74.0056,40.6868],[-74.0059,40.6862],[-74.007,40.6865],[-74.0082,40.6862],[-74.0119,40.6839],[-74.0118,40.6838],[-74.0108,40.6844],[-74.0097,40.6833],[-74.013,40.6804],[-74.0139,40.681],[-74.0136,40.6812],[-74.0141,40.6817],[-74.0121,40.6829],[-74.0128,40.6836],[-74.0153,40.6821],[-74.0152,40.682],[-74.0193,40.6796],[-74.0195,40.679],[-74.0186,40.679],[-74.0183,40.6786],[-74.0197,40.6784],[-74.0184,40.6784],[-74.0184,40.6779],[-74.0192,40.6778],[-74.0191,40.6771],[-74.02,40.6771],[-74.0198,40.6766],[-74.0179,40.6764],[-74.018,40.6759],[-74.0185,40.6758],[-74.0184,40.6755],[-74.0189,40.6751],[-74.0185,40.6753],[-74.0184,40.6751],[-74.0183,40.6755],[-74.0178,40.6753],[-74.0182,40.6745],[-74.0178,40.6741],[-74.018,40.6739],[-74.0178,40.674],[-74.0173,40.6736],[-74.0188,40.6723],[-74.0182,40.6719],[-74.015,40.6747],[-74.0146,40.6744],[-74.0163,40.6729],[-74.0151,40.6722],[-74.0134,40.6736],[-74.013,40.6733],[-74.0157,40.671],[-74.0142,40.6721],[-74.0139,40.6719],[-74.0152,40.6708],[-74.0143,40.6714],[-74.0126,40.6708],[-74.0121,40.6709],[-74.0118,40.6707],[-74.0142,40.6697],[-74.0116,40.6706],[-74.0115,40.6698],[-74.0109,40.6697],[-74.0109,40.6692],[-74.0103,40.6691],[-74.0104,40.6686],[-74.0109,40.6686],[-74.0123,40.6657],[-74.0159,40.6655],[-74.016,40.6649],[-74.0165,40.6649],[-74.0175,40.671],[-74.0193,40.6716],[-74.0188,40.6711],[-74.0186,40.6704],[-74.0179,40.6659],[-74.0169,40.6648],[-74.0157,40.6646],[-74.0115,40.6651],[-74.0099,40.6685],[-74.0071,40.6686],[-74.0078,40.6672],[-74.0075,40.6671],[-74.0054,40.6709],[-74.0048,40.6707],[-74.0069,40.666],[-74.0059,40.668],[-74.0051,40.668],[-74.0032,40.6673],[-74.0029,40.6673],[-74.0022,40.6686],[-74.0014,40.6684],[-74.0011,40.6689],[-74.0003,40.6687],[-73.9988,40.6716],[-73.9986,40.6713],[-73.9989,40.6696],[-73.9987,40.6695],[-73.9991,40.669],[-73.9992,40.6683],[-73.999,40.669],[-73.999,40.6684],[-74,40.6675],[-74.0007,40.6675],[-74.0015,40.6672],[-74.0012,40.667],[-74.0016,40.6668],[-74.0022,40.6668],[-74.0029,40.6665],[-73.9995,40.6644],[-74.0011,40.6629],[-74.0049,40.6651],[-74.0053,40.6647],[-74.0043,40.6641],[-74.0046,40.6637],[-74.0034,40.663],[-74.0036,40.6627],[-74.0057,40.6639],[-74.0056,40.6645],[-74.0058,40.6645],[-74.0058,40.6639],[-74.006,40.6638],[-74.0062,40.6639],[-74.0058,40.6641],[-74.0064,40.6645],[-74.0066,40.6642],[-74.0069,40.6643],[-74.0065,40.6645],[-74.0071,40.6649],[-74.0073,40.6646],[-74.0077,40.6648],[-74.0056,40.6635],[-74.006,40.6633],[-74.0054,40.6629],[-74.0052,40.6632],[-74.005,40.6631],[-74.0054,40.6629],[-74.0047,40.6625],[-74.0046,40.6628],[-74.0035,40.6622],[-74.0038,40.6619],[-74.0059,40.6631],[-74.0062,40.6628],[-74.0041,40.6616],[-74.0043,40.6614],[-74.0057,40.6623],[-74.0062,40.6618],[-74.0087,40.6634],[-74.0096,40.6633],[-74.0105,40.6626],[-74.0104,40.6624],[-74.0075,40.6606],[-74.0086,40.6595],[-74.0127,40.662],[-74.0132,40.662],[-74.014,40.6615],[-74.0111,40.6597],[-74.0118,40.6589],[-74.0137,40.66],[-74.014,40.6598],[-74.0155,40.6608],[-74.0175,40.6595],[-74.0144,40.6576],[-74.015,40.657],[-74.0177,40.6585],[-74.0177,40.6581],[-74.0154,40.6566],[-74.0159,40.6562],[-74.0186,40.6578],[-74.0191,40.6574],[-74.0164,40.6556],[-74.0167,40.6553],[-74.0169,40.6555],[-74.0173,40.6552],[-74.0198,40.6565],[-74.0172,40.6548],[-74.0179,40.6541],[-74.0201,40.6553],[-74.0203,40.6551],[-74.0181,40.6539],[-74.0186,40.6535],[-74.0192,40.654],[-74.0205,40.6542],[-74.0216,40.6549],[-74.0218,40.6547],[-74.0211,40.6542],[-74.0216,40.6536],[-74.0221,40.6536],[-74.0231,40.6542],[-74.0232,40.6541],[-74.0212,40.6528],[-74.022,40.6522],[-74.0236,40.6532],[-74.0238,40.653],[-74.0209,40.6512],[-74.0223,40.6519],[-74.0211,40.6511],[-74.0214,40.651],[-74.0212,40.6508],[-74.0215,40.6507],[-74.0252,40.6528],[-74.0254,40.6527],[-74.0229,40.6512],[-74.0231,40.651],[-74.0236,40.6513],[-74.0242,40.6512],[-74.0254,40.6519],[-74.0242,40.6511],[-74.0248,40.6507],[-74.0251,40.6509],[-74.0249,40.6511],[-74.0255,40.6515],[-74.0261,40.651],[-74.0254,40.6506],[-74.0252,40.6508],[-74.0248,40.6506],[-74.0255,40.6498],[-74.025,40.6486],[-74.0251,40.6483],[-74.0241,40.6476],[-74.0251,40.6467],[-74.0254,40.6469],[-74.0257,40.6466],[-74.0294,40.6488],[-74.0297,40.6485],[-74.026,40.6463],[-74.0282,40.644],[-74.0285,40.6442],[-74.0282,40.6444],[-74.0285,40.6442],[-74.0291,40.6446],[-74.0289,40.6449],[-74.0292,40.6446],[-74.0291,40.6444],[-74.0305,40.6453],[-74.0319,40.6439],[-74.0323,40.6441],[-74.0325,40.6438],[-74.0323,40.6436],[-74.0326,40.6438],[-74.0329,40.6436],[-74.0341,40.6443],[-74.0367,40.6417],[-74.0367,40.6415],[-74.0357,40.6406],[-74.0367,40.6391],[-74.0387,40.6397],[-74.0388,40.6396],[-74.0368,40.639],[-74.0411,40.6302],[-74.0419,40.6243],[-74.0416,40.6206],[-74.0405,40.6156],[-74.0399,40.6143],[-74.039,40.6132],[-74.037,40.6113],[-74.036,40.6093],[-74.035,40.6087],[-74.0343,40.6077],[-74.0321,40.6059],[-74.0301,40.6048],[-74.021,40.6036],[-74.0197,40.6031],[-74.0191,40.6026],[-74.0158,40.6023],[-74.0124,40.6013],[-74.0092,40.5998],[-74.0041,40.5965],[-74.0028,40.5952],[-74.0011,40.5925],[-73.9984,40.5935],[-73.9995,40.593],[-73.999,40.5923],[-74.0002,40.5915],[-74,40.5912],[-73.9995,40.5911],[-73.9975,40.5919],[-73.9973,40.5917],[-73.9981,40.5912],[-73.9972,40.5916],[-73.9971,40.5913],[-73.9984,40.5902],[-73.9988,40.5903],[-73.9984,40.5899],[-73.9988,40.5896],[-73.9984,40.5898],[-73.9995,40.5892],[-73.9992,40.5889],[-73.9987,40.5892],[-73.9979,40.5883],[-74.0004,40.5871],[-74.0004,40.5865],[-74.0001,40.5866],[-74.0001,40.587],[-73.9953,40.5893],[-73.9949,40.5888],[-73.998,40.5873],[-73.9951,40.5886],[-73.9956,40.5883],[-73.9942,40.5889],[-73.9941,40.5887],[-73.9957,40.5879],[-73.9942,40.5884],[-73.9981,40.5865],[-73.9996,40.5862],[-73.9997,40.5857],[-73.9981,40.5854],[-74.0004,40.5842],[-74.0002,40.5831],[-73.9961,40.5821],[-73.9955,40.5822],[-73.9903,40.5846],[-73.9918,40.5817],[-73.9916,40.5811],[-73.99,40.5807],[-73.988,40.5796],[-73.9869,40.5811],[-73.986,40.5817],[-73.9859,40.5811],[-73.987,40.58],[-73.9867,40.5798],[-73.9874,40.5791],[-73.9884,40.5788],[-73.989,40.5788],[-73.9904,40.5794],[-73.9918,40.5792],[-73.9977,40.5807],[-73.9978,40.5815],[-73.9982,40.5817],[-73.9996,40.5813],[-74.0006,40.5813],[-74.0029,40.5814],[-74.006,40.582],[-74.0081,40.5816],[-74.0115,40.5801],[-74.0124,40.5792],[-74.013,40.5779],[-74.012,40.5749],[-74.0112,40.5742],[-74.0048,40.5729],[-74.0025,40.5717],[-74.0021,40.5696],[-74.002,40.5702],[-74.0008,40.5705],[-73.9985,40.5705],[-73.9974,40.5701],[-73.9972,40.5703],[-73.9953,40.5703],[-73.9952,40.57],[-73.9949,40.5704],[-73.9932,40.5704],[-73.993,40.5702],[-73.9927,40.5704],[-73.9912,40.5706],[-73.9909,40.5706],[-73.9908,40.5702],[-73.9908,40.5706],[-73.9903,40.5707],[-73.9887,40.5709],[-73.9886,40.5707],[-73.9886,40.5709],[-73.988,40.571],[-73.9838,40.5714],[-73.9835,40.5702],[-73.9838,40.5701],[-73.9835,40.5701],[-73.9834,40.5695],[-73.9834,40.5701],[-73.983,40.5701],[-73.9834,40.5702],[-73.9837,40.5714],[-73.9828,40.5715],[-73.9822,40.5716],[-73.982,40.5713],[-73.9816,40.5712],[-73.982,40.5715],[-73.98,40.5717],[-73.9798,40.5712],[-73.9794,40.5712],[-73.9798,40.5715],[-73.9785,40.5719],[-73.9778,40.5718],[-73.9777,40.5713],[-73.9781,40.5712],[-73.9777,40.5712],[-73.9777,40.5717],[-73.9771,40.5719],[-73.9757,40.572],[-73.9754,40.5714],[-73.9753,40.572],[-73.9734,40.5723],[-73.9732,40.5716],[-73.9733,40.5723],[-73.9729,40.5725],[-73.9716,40.5726],[-73.9712,40.5719],[-73.9713,40.5726],[-73.9698,40.5728],[-73.9692,40.5723],[-73.9695,40.5729],[-73.9682,40.5732],[-73.9675,40.5732],[-73.9674,40.573],[-73.9672,40.5733],[-73.9598,40.5739],[-73.9591,40.5739],[-73.959,40.5734],[-73.959,40.5739],[-73.9584,40.5741],[-73.9566,40.5742],[-73.9563,40.5738],[-73.9563,40.5742],[-73.9557,40.5743],[-73.9541,40.5743],[-73.9541,40.5741],[-73.9537,40.5743],[-73.9526,40.5742],[-73.9459,40.5751],[-73.9462,40.5753],[-73.9457,40.5756],[-73.9447,40.5755],[-73.9446,40.5752],[-73.9446,40.5757],[-73.9444,40.5758],[-73.9426,40.5756],[-73.9425,40.5754],[-73.9368,40.5756],[-73.9367,40.5754],[-73.9365,40.5759],[-73.9351,40.5755],[-73.9349,40.5752],[-73.9349,40.5755],[-73.9315,40.5757],[-73.9311,40.5762],[-73.9326,40.5813],[-73.9427,40.581],[-73.9497,40.5823],[-73.9533,40.582],[-73.9535,40.583],[-73.9475,40.5835],[-73.9468,40.5832],[-73.9473,40.5835],[-73.9469,40.5835],[-73.9463,40.5832],[-73.9468,40.5836],[-73.9464,40.5836],[-73.9458,40.5832],[-73.9463,40.5836],[-73.9453,40.5832],[-73.9457,40.5835],[-73.9453,40.5835],[-73.9448,40.5832],[-73.9452,40.5835],[-73.9443,40.5832],[-73.9446,40.5835],[-73.9438,40.5831],[-73.9441,40.5835],[-73.9437,40.5835],[-73.9431,40.5831],[-73.9435,40.5835],[-73.9432,40.5835],[-73.9426,40.5831],[-73.943,40.5835],[-73.9427,40.5835],[-73.942,40.5831],[-73.9426,40.5835],[-73.9416,40.5836],[-73.9412,40.5831],[-73.9409,40.5833],[-73.941,40.5831],[-73.9407,40.5831],[-73.9409,40.5833],[-73.9407,40.5833],[-73.9407,40.5831],[-73.9401,40.5831],[-73.9406,40.5831],[-73.9406,40.5833],[-73.9399,40.5833],[-73.9398,40.5832],[-73.9398,40.5833],[-73.9393,40.5833],[-73.9393,40.5832],[-73.9386,40.5831],[-73.9386,40.5833],[-73.9381,40.5831],[-73.9381,40.5833],[-73.9371,40.5833],[-73.937,40.5832],[-73.937,40.583],[-73.937,40.5831],[-73.9376,40.5831],[-73.9371,40.5831],[-73.9371,40.583],[-73.9366,40.583],[-73.937,40.583],[-73.937,40.5832],[-73.9366,40.5832],[-73.9363,40.583],[-73.9366,40.583],[-73.9361,40.5829],[-73.9363,40.583],[-73.9361,40.5833],[-73.9358,40.5833],[-73.9358,40.583],[-73.9357,40.5833],[-73.9342,40.583],[-73.9326,40.5829],[-73.932,40.5831],[-73.932,40.5829],[-73.9324,40.5829],[-73.9319,40.5829],[-73.9319,40.5831],[-73.9317,40.5828],[-73.9312,40.5827],[-73.9307,40.5828],[-73.9309,40.5829],[-73.9306,40.5832],[-73.9296,40.5834],[-73.9244,40.5836],[-73.9222,40.5833],[-73.9151,40.5815],[-73.9115,40.5818],[-73.9113,40.5823],[-73.9119,40.583],[-73.9129,40.583],[-73.913,40.5827],[-73.913,40.583],[-73.9134,40.583],[-73.9137,40.5827],[-73.9142,40.5828],[-73.9144,40.5824],[-73.9154,40.5824],[-73.916,40.5824],[-73.9163,40.5828],[-73.9168,40.5828],[-73.9173,40.5832],[-73.9166,40.5832],[-73.9161,40.5829],[-73.915,40.5832],[-73.9146,40.5828],[-73.9131,40.5832],[-73.913,40.583],[-73.9125,40.5834],[-73.9127,40.5837],[-73.9124,40.5845],[-73.9126,40.5856],[-73.9135,40.5861],[-73.9157,40.5862],[-73.9202,40.5846],[-73.9234,40.5848],[-73.9253,40.5846],[-73.9263,40.5853],[-73.9255,40.585],[-73.9273,40.5859],[-73.9275,40.5864],[-73.9274,40.586],[-73.9282,40.5859],[-73.9283,40.5861],[-73.9279,40.5861],[-73.9281,40.5862],[-73.9281,40.5867],[-73.9286,40.5871],[-73.9313,40.5868],[-73.9313,40.5873],[-73.9297,40.5876],[-73.9304,40.5884],[-73.9297,40.5886],[-73.9304,40.5885],[-73.9307,40.5887],[-73.9301,40.589],[-73.9307,40.5888],[-73.9312,40.5895],[-73.9316,40.5913],[-73.9314,40.5916],[-73.9312,40.5916],[-73.9313,40.5914],[-73.9311,40.5916],[-73.9311,40.5917],[-73.9314,40.5916],[-73.9314,40.5918],[-73.931,40.5919],[-73.9314,40.5918],[-73.9311,40.592],[-73.9327,40.5942],[-73.9328,40.5948],[-73.9326,40.5949],[-73.9326,40.5948],[-73.9323,40.5949],[-73.9308,40.5945],[-73.9314,40.5945],[-73.9316,40.5945],[-73.9318,40.5943],[-73.9316,40.5945],[-73.9314,40.5945],[-73.931,40.5945],[-73.9312,40.5942],[-73.9309,40.5945],[-73.9308,40.5944],[-73.9308,40.5945],[-73.9307,40.5945],[-73.9308,40.5944],[-73.9306,40.5942],[-73.9308,40.5944],[-73.9304,40.5944],[-73.93,40.5941],[-73.9303,40.5939],[-73.9305,40.5942],[-73.9305,40.5939],[-73.9302,40.5939],[-73.9301,40.5936],[-73.9302,40.594],[-73.93,40.594],[-73.9298,40.5934],[-73.93,40.5933],[-73.9298,40.5934],[-73.9297,40.5931],[-73.93,40.5933],[-73.93,40.5931],[-73.9297,40.5931],[-73.9299,40.5929],[-73.9301,40.593],[-73.9302,40.5925],[-73.9304,40.5926],[-73.9302,40.5924],[-73.9304,40.5923],[-73.9304,40.5925],[-73.9306,40.5915],[-73.9304,40.5917],[-73.9306,40.5912],[-73.9304,40.5912],[-73.9307,40.5911],[-73.9304,40.5911],[-73.9307,40.591],[-73.9305,40.591],[-73.9307,40.5903],[-73.9301,40.5896],[-73.9306,40.5899],[-73.93,40.5894],[-73.9288,40.5892],[-73.9292,40.5888],[-73.9287,40.5891],[-73.929,40.5889],[-73.9286,40.5891],[-73.9284,40.589],[-73.9288,40.5887],[-73.9286,40.5886],[-73.9282,40.5888],[-73.9284,40.5889],[-73.9282,40.5888],[-73.9246,40.5912],[-73.9242,40.5914],[-73.924,40.5911],[-73.9278,40.5887],[-73.9275,40.5883],[-73.928,40.5881],[-73.9274,40.5882],[-73.9281,40.5877],[-73.9279,40.5875],[-73.9274,40.588],[-73.9272,40.5877],[-73.9277,40.5875],[-73.9272,40.5877],[-73.9249,40.5857],[-73.9224,40.586],[-73.9219,40.5857],[-73.921,40.5858],[-73.9209,40.5856],[-73.9209,40.5859],[-73.9207,40.5857],[-73.9208,40.586],[-73.9204,40.5861],[-73.9202,40.5859],[-73.9196,40.5862],[-73.9192,40.586],[-73.9181,40.5864],[-73.9173,40.5875],[-73.9145,40.5889],[-73.9146,40.5896],[-73.9151,40.5901],[-73.9149,40.5903],[-73.9164,40.5911],[-73.9182,40.5931],[-73.9203,40.5947],[-73.9218,40.595],[-73.9229,40.5964],[-73.9274,40.6001],[-73.9286,40.6006],[-73.9287,40.6004],[-73.9292,40.6005],[-73.9296,40.6012],[-73.9303,40.6012],[-73.9311,40.6017],[-73.9318,40.6026],[-73.9321,40.6027],[-73.931,40.6039],[-73.9306,40.6037],[-73.9301,40.604],[-73.93,40.6036],[-73.9295,40.6039],[-73.9292,40.6039],[-73.9291,40.6037],[-73.9296,40.6031],[-73.9295,40.6027],[-73.9289,40.6024],[-73.9288,40.6021],[-73.9285,40.6022],[-73.928,40.6019],[-73.9247,40.5997],[-73.9239,40.5997],[-73.9233,40.6004],[-73.923,40.6011],[-73.9222,40.6017],[-73.9217,40.6017],[-73.9199,40.6009],[-73.9187,40.6007],[-73.917,40.5996],[-73.9157,40.5992],[-73.9151,40.5986],[-73.9151,40.598],[-73.9136,40.5967],[-73.9131,40.5959],[-73.9125,40.5954],[-73.912,40.5944],[-73.9119,40.5925],[-73.9114,40.5911],[-73.9121,40.5887],[-73.9118,40.5873],[-73.912,40.5867],[-73.9115,40.5861],[-73.9109,40.5859],[-73.9081,40.5868],[-73.9064,40.587],[-73.9065,40.5873],[-73.9071,40.5875],[-73.9065,40.588],[-73.9059,40.5879],[-73.9059,40.5875],[-73.9043,40.5869],[-73.9029,40.5874],[-73.9021,40.5874],[-73.9007,40.5881],[-73.9,40.588],[-73.9012,40.5874],[-73.8999,40.588],[-73.8999,40.5878],[-73.8998,40.588],[-73.899,40.5877],[-73.8997,40.5872],[-73.8989,40.5875],[-73.8983,40.5868],[-73.8979,40.5859],[-73.8982,40.5854],[-73.8973,40.5843],[-73.8967,40.5832],[-73.8965,40.579],[-73.8955,40.5768],[-73.8945,40.5768],[-73.8912,40.5779],[-73.8898,40.5778],[-73.8887,40.5781],[-73.8861,40.5781],[-73.8839,40.5786],[-73.8831,40.579],[-73.8817,40.5792],[-73.8817,40.5796],[-73.8797,40.5801],[-73.8767,40.5849],[-73.8788,40.588],[-73.8793,40.5907],[-73.8789,40.5907],[-73.879,40.5909],[-73.8794,40.5908],[-73.8797,40.5914],[-73.8799,40.592],[-73.8794,40.5921],[-73.8799,40.592],[-73.8808,40.5948],[-73.8808,40.5963],[-73.8816,40.5978],[-73.8818,40.5994],[-73.8834,40.6029],[-73.8827,40.6042],[-73.884,40.6055],[-73.8848,40.6051],[-73.8877,40.6053],[-73.8891,40.6045],[-73.891,40.6039],[-73.8914,40.6035],[-73.8924,40.6033],[-73.8935,40.6034],[-73.8941,40.6031],[-73.895,40.6032],[-73.8956,40.603],[-73.8978,40.6033],[-73.8983,40.6032],[-73.8993,40.6036],[-73.9004,40.6032],[-73.9019,40.6032],[-73.9037,40.6024],[-73.9043,40.6027],[-73.9078,40.6023],[-73.909,40.6016],[-73.9098,40.602],[-73.9107,40.602],[-73.9094,40.6022],[-73.9107,40.6021],[-73.9107,40.6024],[-73.909,40.6025],[-73.909,40.6027],[-73.9108,40.6024],[-73.9108,40.602],[-73.9116,40.6022],[-73.9109,40.6021],[-73.9115,40.6022],[-73.9115,40.6024],[-73.9109,40.6023],[-73.9109,40.6025],[-73.9126,40.6027],[-73.9126,40.6025],[-73.9115,40.6024],[-73.9117,40.6023],[-73.9125,40.6024],[-73.9116,40.6021],[-73.9131,40.6022],[-73.9127,40.6027],[-73.9131,40.6022],[-73.9135,40.6023],[-73.913,40.6028],[-73.9135,40.6024],[-73.9137,40.6025],[-73.9133,40.6028],[-73.9135,40.6029],[-73.9133,40.6028],[-73.9136,40.6025],[-73.9139,40.6027],[-73.9137,40.6029],[-73.9139,40.6027],[-73.9144,40.6029],[-73.9195,40.6077],[-73.9194,40.608],[-73.9185,40.6071],[-73.9183,40.6072],[-73.9194,40.608],[-73.919,40.6083],[-73.9184,40.6075],[-73.9181,40.6076],[-73.919,40.6083],[-73.9186,40.6085],[-73.9182,40.608],[-73.918,40.6081],[-73.9186,40.6085],[-73.918,40.6088],[-73.9179,40.6093],[-73.918,40.6088],[-73.9177,40.6097],[-73.9179,40.6093],[-73.9177,40.6098],[-73.9181,40.6102],[-73.9157,40.6118],[-73.9166,40.6134],[-73.9159,40.6129],[-73.9164,40.6134],[-73.9163,40.6136],[-73.916,40.6132],[-73.9157,40.6134],[-73.9162,40.6136],[-73.916,40.6138],[-73.9158,40.6135],[-73.9159,40.6138],[-73.9164,40.6136],[-73.9142,40.6149],[-73.9139,40.6146],[-73.9149,40.614],[-73.9145,40.6117],[-73.9162,40.6105],[-73.9166,40.6094],[-73.9168,40.6095],[-73.9168,40.6089],[-73.9171,40.6088],[-73.9168,40.6089],[-73.9169,40.6087],[-73.9165,40.6086],[-73.9168,40.6088],[-73.9166,40.6094],[-73.9168,40.6088],[-73.9163,40.6087],[-73.9167,40.6068],[-73.9137,40.604],[-73.9109,40.6035],[-73.9083,40.6041],[-73.9089,40.6051],[-73.9099,40.606],[-73.9093,40.6065],[-73.9086,40.6067],[-73.9081,40.6063],[-73.906,40.6064],[-73.9052,40.6049],[-73.9016,40.6058],[-73.9023,40.6104],[-73.9027,40.6109],[-73.9031,40.611],[-73.9035,40.6114],[-73.9033,40.6115],[-73.9035,40.6114],[-73.9043,40.612],[-73.9042,40.6124],[-73.9054,40.613],[-73.9078,40.6152],[-73.9086,40.6155],[-73.9096,40.6164],[-73.9096,40.6166],[-73.909,40.617],[-73.9092,40.6165],[-73.9082,40.6156],[-73.908,40.6157],[-73.9091,40.6165],[-73.9088,40.6169],[-73.9084,40.6165],[-73.9091,40.6172],[-73.9088,40.6173],[-73.9086,40.6172],[-73.9088,40.6174],[-73.9076,40.6169],[-73.9077,40.6167],[-73.9072,40.6166],[-73.9075,40.6163],[-73.9071,40.6166],[-73.9074,40.6163],[-73.9071,40.6162],[-73.9073,40.6161],[-73.9067,40.6163],[-73.9072,40.616],[-73.907,40.6161],[-73.9059,40.6151],[-73.906,40.615],[-73.9057,40.6149],[-73.9059,40.6151],[-73.9024,40.612],[-73.903,40.6121],[-73.9027,40.6118],[-73.9024,40.612],[-73.9027,40.6118],[-73.9013,40.6105],[-73.9025,40.6119],[-73.9014,40.6117],[-73.9014,40.6111],[-73.9003,40.6101],[-73.9008,40.6075],[-73.9011,40.6071],[-73.9001,40.6056],[-73.8983,40.6053],[-73.8959,40.6058],[-73.8949,40.6064],[-73.8933,40.6067],[-73.8927,40.6072],[-73.8922,40.6085],[-73.8924,40.6086],[-73.8923,40.6092],[-73.8918,40.6095],[-73.8919,40.6091],[-73.8903,40.6103],[-73.8897,40.6115],[-73.8903,40.612],[-73.8911,40.6123],[-73.891,40.6121],[-73.8919,40.6115],[-73.8935,40.611],[-73.894,40.6112],[-73.8939,40.6115],[-73.8914,40.6121],[-73.891,40.6128],[-73.8913,40.6133],[-73.8925,40.6138],[-73.8943,40.6139],[-73.8959,40.6145],[-73.896,40.6148],[-73.8957,40.6149],[-73.8962,40.616],[-73.8965,40.6161],[-73.8966,40.6173],[-73.8956,40.6194],[-73.8956,40.6198],[-73.8965,40.6214],[-73.8981,40.6219],[-73.9005,40.6217],[-73.901,40.6227],[-73.9019,40.623],[-73.9022,40.6236],[-73.9029,40.6236],[-73.9029,40.624],[-73.9026,40.6239],[-73.9023,40.6244],[-73.9028,40.6241],[-73.9027,40.6242],[-73.9033,40.6245],[-73.9025,40.6244],[-73.9053,40.6259],[-73.9039,40.625],[-73.904,40.6248],[-73.9166,40.6305],[-73.9167,40.6307],[-73.9174,40.6311],[-73.9175,40.6315],[-73.9168,40.632],[-73.9161,40.632],[-73.9145,40.631],[-73.8955,40.6225],[-73.8935,40.6234],[-73.893,40.6234],[-73.8915,40.6245],[-73.8904,40.6263],[-73.8875,40.6283],[-73.8863,40.6287],[-73.8857,40.6284],[-73.8851,40.6288],[-73.8837,40.6276],[-73.8826,40.6283],[-73.884,40.6296],[-73.8835,40.6299],[-73.8838,40.6302],[-73.8836,40.6309],[-73.883,40.6316],[-73.8813,40.6324],[-73.88,40.6335],[-73.8782,40.6346],[-73.8771,40.636],[-73.8786,40.6375],[-73.8784,40.6379],[-73.8786,40.6383],[-73.879,40.6385],[-73.8795,40.6382],[-73.8806,40.6392],[-73.8808,40.6398],[-73.8837,40.6425],[-73.8862,40.6438],[-73.8873,40.6452],[-73.888,40.645],[-73.8881,40.6452],[-73.8874,40.6453],[-73.888,40.646],[-73.8883,40.646],[-73.8881,40.6466],[-73.8885,40.6467],[-73.8886,40.6468],[-73.8885,40.647],[-73.8885,40.6467],[-73.8882,40.6468],[-73.8882,40.6471],[-73.8885,40.6474],[-73.8886,40.6471],[-73.8889,40.6472],[-73.8894,40.6469],[-73.8888,40.6461],[-73.8895,40.6469],[-73.8894,40.6471],[-73.8909,40.6485],[-73.8912,40.6492],[-73.8909,40.6494],[-73.8903,40.649],[-73.8901,40.6493],[-73.8886,40.648],[-73.8877,40.6479],[-73.8874,40.6459],[-73.8856,40.644],[-73.8848,40.6439],[-73.8834,40.6445],[-73.8821,40.6437],[-73.8822,40.6435],[-73.8815,40.6425],[-73.8801,40.642],[-73.8803,40.6414],[-73.8807,40.6416],[-73.8805,40.641],[-73.8793,40.6401],[-73.8786,40.639],[-73.8771,40.6386],[-73.8748,40.6368],[-73.8735,40.6363],[-73.8731,40.6363],[-73.8696,40.6379],[-73.8692,40.6375],[-73.8696,40.6371],[-73.868,40.6381],[-73.8699,40.6389],[-73.8701,40.6398],[-73.8708,40.6406],[-73.873,40.6438],[-73.8733,40.6439],[-73.8734,40.6447],[-73.8732,40.6454],[-73.8797,40.6544],[-73.8792,40.6546],[-73.8726,40.6456],[-73.8712,40.6453],[-73.8706,40.6449],[-73.87,40.6441],[-73.8699,40.6433],[-73.8687,40.6409],[-73.8673,40.6399],[-73.8668,40.64],[-73.8663,40.6395],[-73.8667,40.64],[-73.8653,40.6408],[-73.8629,40.6426],[-73.862,40.6429],[-73.8589,40.6432],[-73.8572,40.6437],[-73.8584,40.6473],[-73.8578,40.6483],[-73.8576,40.6499],[-73.8572,40.6503],[-73.86,40.654],[-73.8605,40.6546],[-73.8606,40.6547],[-73.8609,40.6551],[-73.861,40.6552],[-73.8617,40.6553],[-73.8626,40.6557],[-73.8632,40.6563],[-73.863,40.6567],[-73.8633,40.6569],[-73.8627,40.6576],[-73.8632,40.6583],[-73.8603,40.6596],[-73.8585,40.6599],[-73.8576,40.6601],[-73.8581,40.662],[-73.8584,40.6635],[-73.8561,40.6638],[-73.8557,40.6639],[-73.8572,40.6702],[-73.8573,40.6703],[-73.8576,40.6717],[-73.8595,40.6714],[-73.8604,40.6713],[-73.8623,40.6792],[-73.8633,40.6791],[-73.8633,40.6792],[-73.8641,40.6824],[-73.866,40.6819],[-73.8663,40.6831],[-73.8665,40.6845],[-73.867,40.6868],[-73.8681,40.6912],[-73.8687,40.694],[-73.8684,40.6947],[-73.8689,40.6951],[-73.874,40.6942],[-73.8795,40.6911],[-73.8838,40.6879],[-73.8845,40.6867],[-73.8881,40.6853],[-73.8896,40.6842],[-73.8902,40.685],[-73.8926,40.6835],[-73.8941,40.6852],[-73.8949,40.6845],[-73.8965,40.6823],[-73.8965,40.6824],[-73.9012,40.6879],[-73.9004,40.6882],[-73.9019,40.6911],[-73.9014,40.6916],[-73.9021,40.692],[-73.9058,40.6941],[-73.9043,40.6957],[-73.9095,40.6987],[-73.9118,40.6999],[-73.9107,40.701],[-73.9129,40.7024],[-73.9118,40.7034],[-73.9148,40.7052],[-73.9159,40.7059],[-73.9185,40.7074],[-73.9192,40.7078]]]]},"properties":{"borocode":"3","boroname":"Brooklyn","shape_area":"1934462607.75","shape_leng":"726953.04509"}},
{"type":"Feature","geometry":{"type":"MultiPolygon","coordinates":[[[[-73.8345,40.6072],[-73.8357,40.6058],[-73.8351,40.6053],[-73.832,40.6053],[-73.8318,40.6051],[-73.8309,40.6054],[-73.8299,40.6063],[-73.8298,40.6071],[-73.8301,40.6079],[-73.8308,40.6085],[-73.8313,40.6084],[-73.8312,40.6088],[-73.8321,40.6095],[-73.8325,40.6095],[-73.8343,40.608],[-73.8345,40.6072]]],[[[-73.834,40.6158],[-73.834,40.6144],[-73.8309,40.615],[-73.8285,40.6142],[-73.8275,40.6142],[-73.8272,40.6141],[-73.8279,40.6137],[-73.8273,40.6134],[-73.8259,40.6142],[-73.8256,40.6141],[-73.8247,40.6131],[-73.8247,40.6124],[-73.8241,40.6123],[-73.824,40.6116],[-73.8229,40.6103],[-73.8223,40.6103],[-73.8219,40.6099],[-73.8216,40.6085],[-73.8209,40.6092],[-73.8205,40.6102],[-73.8213,40.6111],[-73.8208,40.6123],[-73.8204,40.6121],[-73.8196,40.6105],[-73.82,40.6089],[-73.8213,40.607],[-73.8224,40.6065],[-73.8229,40.6059],[-73.8225,40.6055],[-73.8229,40.6047],[-73.8229,40.6026],[-73.8231,40.6023],[-73.8236,40.6023],[-73.8235,40.6016],[-73.8245,40.6008],[-73.8244,40.6003],[-73.8215,40.6],[-73.8219,40.5998],[-73.8238,40.6],[-73.8242,40.5993],[-73.8241,40.5989],[-73.8245,40.5991],[-73.8248,40.5984],[-73.8245,40.599],[-73.824,40.5989],[-73.8247,40.5981],[-73.8256,40.5985],[-73.826,40.5995],[-73.8281,40.5977],[-73.8291,40.5978],[-73.8295,40.5981],[-73.8306,40.5974],[-73.8315,40.598],[-73.8324,40.5978],[-73.8344,40.5965],[-73.8348,40.5955],[-73.8347,40.5951],[-73.8332,40.5942],[-73.8255,40.5951],[-73.8241,40.5946],[-73.8212,40.5947],[-73.8207,40.5952],[-73.8203,40.5966],[-73.8193,40.5975],[-73.8185,40.5994],[-73.8183,40.6013],[-73.8177,40.6022],[-73.8173,40.6039],[-73.8174,40.6052],[-73.8164,40.6052],[-73.8159,40.6059],[-73.816,40.6063],[-73.8155,40.6064],[-73.8155,40.6062],[-73.8155,40.6064],[-73.8157,40.6065],[-73.8151,40.6073],[-73.8148,40.6086],[-73.8152,40.6098],[-73.8145,40.6111],[-73.8154,40.6104],[-73.8162,40.6129],[-73.8155,40.6133],[-73.815,40.613],[-73.8148,40.6132],[-73.8155,40.614],[-73.8149,40.6143],[-73.8147,40.614],[-73.8141,40.6146],[-73.8144,40.6147],[-73.8147,40.6145],[-73.8162,40.6142],[-73.8165,40.6145],[-73.8165,40.6149],[-73.8171,40.6153],[-73.8178,40.6173],[-73.8174,40.6189],[-73.8172,40.6193],[-73.8154,40.6201],[-73.8154,40.6215],[-73.8162,40.6221],[-73.8166,40.622],[-73.8167,40.6216],[-73.8176,40.6218],[-73.8175,40.6221],[-73.8187,40.6229],[-73.8186,40.6234],[-73.818,40.6241],[-73.8168,40.6239],[-73.8162,40.6244],[-73.8162,40.6247],[-73.8179,40.6259],[-73.8183,40.627],[-73.8201,40.6278],[-73.8218,40.632],[-73.822,40.6336],[-73.8228,40.6356],[-73.8234,40.639],[-73.8242,40.64],[-73.8246,40.6394],[-73.8241,40.6388],[-73.8244,40.6362],[-73.8255,40.6358],[-73.8281,40.6359],[-73.8287,40.6366],[-73.8322,40.6389],[-73.8329,40.6389],[-73.8334,40.6385],[-73.8325,40.6356],[-73.832,40.635],[-73.8319,40.6342],[-73.8313,40.6336],[-73.8311,40.6328],[-73.832,40.6297],[-73.8329,40.6289],[-73.833,40.6283],[-73.833,40.6279],[-73.8326,40.6283],[-73.8319,40.6282],[-73.8316,40.6285],[-73.8319,40.6289],[-73.8316,40.6288],[-73.8316,40.6285],[-73.8318,40.6282],[-73.8323,40.6281],[-73.8323,40.6271],[-73.8317,40.6271],[-73.8308,40.6268],[-73.8306,40.6262],[-73.831,40.6255],[-73.8308,40.6253],[-73.8313,40.625],[-73.8309,40.6248],[-73.831,40.6246],[-73.8315,40.6241],[-73.8321,40.6231],[-73.8317,40.6229],[-73.8319,40.6232],[-73.8315,40.6229],[-73.8311,40.6229],[-73.8307,40.6233],[-73.8308,40.6237],[-73.8305,40.6241],[-73.8307,40.6237],[-73.8306,40.6233],[-73.8309,40.6229],[-73.8304,40.6226],[-73.8301,40.6238],[-73.8297,40.6242],[-73.8292,40.6242],[-73.8299,40.6234],[-73.83,40.6237],[-73.8302,40.6234],[-73.8301,40.623],[-73.8304,40.6224],[-73.831,40.6228],[-73.8314,40.6224],[-73.8323,40.6228],[-73.8326,40.6227],[-73.8329,40.6222],[-73.8327,40.6219],[-73.8316,40.622],[-73.8325,40.6218],[-73.8337,40.621],[-73.834,40.6158]]],[[[-73.8337,40.6214],[-73.8331,40.6217],[-73.8331,40.6224],[-73.8324,40.6229],[-73.8323,40.6237],[-73.8318,40.6243],[-73.832,40.6247],[-73.8336,40.6239],[-73.8334,40.6235],[-73.8333,40.6238],[-73.8331,40.6237],[-73.8328,40.624],[-73.8327,40.6239],[-73.8332,40.6234],[-73.8331,40.6228],[-73.8336,40.6226],[-73.8337,40.6214]]],[[[-73.8632,40.6583],[-73.8627,40.6576],[-73.8617,40.658],[-73.8616,40.657],[-73.8609,40.6569],[-73.8603,40.6572],[-73.8606,40.6578],[-73.8598,40.6583],[-73.861,40.6581],[-73.8613,40.6583],[-73.8612,40.6587],[-73.8606,40.6593],[-73.8605,40.659],[-73.861,40.6584],[-73.8605,40.6585],[-73.8602,40.6589],[-73.8603,40.6586],[-73.8596,40.6585],[-73.8596,40.658],[-73.8599,40.6577],[-73.8598,40.6573],[-73.8601,40.657],[-73.8598,40.657],[-73.8601,40.6568],[-73.8602,40.657],[-73.8606,40.6565],[-73.8614,40.6566],[-73.8614,40.6564],[-73.8593,40.6549],[-73.8583,40.653],[-73.8577,40.6527],[-73.8571,40.653],[-73.8567,40.6528],[-73.8559,40.6513],[-73.8553,40.6513],[-73.854,40.6507],[-73.8525,40.6506],[-73.8509,40.6515],[-73.8501,40.6517],[-73.8494,40.6515],[-73.8493,40.651],[-73.8504,40.6505],[-73.8504,40.6503],[-73.8506,40.6503],[-73.8509,40.6492],[-73.8516,40.6491],[-73.8519,40.6486],[-73.8524,40.6474],[-73.8523,40.6465],[-73.8495,40.6441],[-73.8458,40.6441],[-73.8404,40.6449],[-73.8386,40.6453],[-73.8363,40.6453],[-73.8359,40.6455],[-73.84,40.6619],[-73.8396,40.662],[-73.8397,40.6622],[-73.8387,40.6624],[-73.8381,40.6621],[-73.8381,40.6616],[-73.8389,40.6613],[-73.8386,40.6611],[-73.8388,40.6609],[-73.8385,40.6594],[-73.836,40.6493],[-73.8356,40.6484],[-73.8345,40.648],[-73.8315,40.6479],[-73.8308,40.649],[-73.8334,40.6581],[-73.8311,40.6583],[-73.8326,40.6578],[-73.8319,40.6562],[-73.8329,40.6575],[-73.8322,40.6549],[-73.8319,40.6549],[-73.8313,40.656],[-73.8301,40.6567],[-73.8295,40.6566],[-73.8291,40.6573],[-73.8292,40.6577],[-73.8302,40.6583],[-73.8297,40.6587],[-73.8302,40.6598],[-73.8296,40.6587],[-73.8301,40.6584],[-73.8292,40.6578],[-73.829,40.6572],[-73.8294,40.6565],[-73.83,40.6566],[-73.8312,40.6559],[-73.8315,40.655],[-73.8322,40.6545],[-73.832,40.6544],[-73.8321,40.654],[-73.8317,40.6539],[-73.8306,40.6548],[-73.8304,40.6555],[-73.8297,40.6556],[-73.829,40.6561],[-73.8316,40.6537],[-73.8313,40.6535],[-73.8309,40.6516],[-73.83,40.6509],[-73.83,40.6503],[-73.8296,40.6498],[-73.8285,40.6491],[-73.8262,40.6484],[-73.8264,40.6493],[-73.8261,40.6501],[-73.8259,40.6495],[-73.8253,40.6497],[-73.825,40.6494],[-73.8246,40.6495],[-73.824,40.6492],[-73.8231,40.648],[-73.8229,40.6481],[-73.8234,40.6495],[-73.8235,40.6505],[-73.8249,40.6554],[-73.8235,40.6601],[-73.8187,40.6621],[-73.8113,40.6606],[-73.8115,40.6602],[-73.8126,40.6602],[-73.8146,40.6606],[-73.8187,40.6611],[-73.8197,40.6607],[-73.8197,40.6609],[-73.8215,40.66],[-73.8217,40.6601],[-73.8215,40.66],[-73.8225,40.6592],[-73.8235,40.6553],[-73.8226,40.6528],[-73.8222,40.6501],[-73.8212,40.649],[-73.8183,40.6463],[-73.8157,40.6456],[-73.8136,40.6447],[-73.812,40.6443],[-73.8108,40.6435],[-73.8086,40.6428],[-73.8067,40.6418],[-73.8057,40.6416],[-73.8047,40.6409],[-73.8018,40.6398],[-73.7992,40.6384],[-73.7973,40.638],[-73.7947,40.6366],[-73.7934,40.6361],[-73.7922,40.6359],[-73.7912,40.6349],[-73.7913,40.6344],[-73.7908,40.6343],[-73.7983,40.6313],[-73.7981,40.631],[-73.7908,40.6343],[-73.7908,40.6338],[-73.7895,40.6343],[-73.7869,40.6323],[-73.7857,40.6321],[-73.7843,40.6314],[-73.7835,40.6302],[-73.7833,40.629],[-73.7836,40.6281],[-73.7849,40.6266],[-73.7854,40.6267],[-73.7859,40.6258],[-73.7892,40.623],[-73.7908,40.6223],[-73.7923,40.6223],[-73.7937,40.6227],[-73.7946,40.6225],[-73.7945,40.6218],[-73.7952,40.6216],[-73.795,40.6213],[-73.7955,40.6209],[-73.7956,40.6202],[-73.7962,40.6196],[-73.7964,40.6185],[-73.797,40.6184],[-73.7968,40.6177],[-73.7972,40.6176],[-73.7973,40.6167],[-73.7981,40.6163],[-73.7982,40.6157],[-73.7985,40.6159],[-73.799,40.6156],[-73.7997,40.6138],[-73.7993,40.6134],[-73.7999,40.6131],[-73.8002,40.6121],[-73.8008,40.6119],[-73.8003,40.6116],[-73.7992,40.612],[-73.799,40.6115],[-73.7975,40.6113],[-73.7948,40.6104],[-73.7945,40.6097],[-73.7939,40.6095],[-73.7937,40.609],[-73.7927,40.6086],[-73.7917,40.6088],[-73.7912,40.6085],[-73.7912,40.6083],[-73.7915,40.6082],[-73.7914,40.6076],[-73.7909,40.6077],[-73.7909,40.608],[-73.7904,40.6082],[-73.7905,40.6085],[-73.79,40.6087],[-73.79,40.609],[-73.789,40.6092],[-73.7891,40.6096],[-73.7888,40.6096],[-73.7887,40.6101],[-73.7877,40.6104],[-73.7874,40.6103],[-73.7872,40.6107],[-73.7865,40.6107],[-73.7858,40.611],[-73.785,40.6119],[-73.7836,40.6119],[-73.7809,40.6136],[-73.7811,40.614],[-73.7807,40.614],[-73.7808,40.6146],[-73.7817,40.6152],[-73.7823,40.6152],[-73.7825,40.6156],[-73.7832,40.6156],[-73.7845,40.617],[-73.7844,40.6178],[-73.7848,40.618],[-73.7848,40.6183],[-73.7852,40.6186],[-73.7852,40.6201],[-73.7842,40.6209],[-73.7795,40.6273],[-73.7765,40.6277],[-73.7741,40.6258],[-73.7735,40.6251],[-73.7738,40.6249],[-73.7732,40.625],[-73.7717,40.6236],[-73.772,40.6236],[-73.7718,40.6235],[-73.7722,40.6234],[-73.7722,40.6231],[-73.7724,40.6231],[-73.7722,40.623],[-73.7752,40.6193],[-73.7717,40.6236],[-73.7714,40.6233],[-73.7709,40.6233],[-73.7708,40.6229],[-73.7717,40.621],[-73.7717,40.6204],[-73.7711,40.62],[-73.7702,40.6198],[-73.7696,40.6211],[-73.7697,40.6218],[-73.7687,40.6227],[-73.7688,40.6239],[-73.7686,40.6247],[-73.7665,40.6283],[-73.7648,40.6292],[-73.765,40.6294],[-73.7645,40.6292],[-73.7631,40.6297],[-73.7622,40.6303],[-73.7605,40.6307],[-73.759,40.6315],[-73.7535,40.6335],[-73.7524,40.6337],[-73.7507,40.6346],[-73.7494,40.6349],[-73.7486,40.6354],[-73.7475,40.6393],[-73.7474,40.6414],[-73.7487,40.6433],[-73.7538,40.6467],[-73.7534,40.6468],[-73.7537,40.647],[-73.7538,40.6467],[-73.7546,40.6472],[-73.7549,40.6476],[-73.7548,40.6478],[-73.7543,40.6479],[-73.7533,40.6473],[-73.7535,40.6472],[-73.7532,40.6471],[-73.7533,40.6473],[-73.7517,40.6465],[-73.7495,40.6449],[-73.7489,40.6452],[-73.7488,40.6445],[-73.7473,40.6432],[-73.7463,40.6414],[-73.7462,40.6404],[-73.747,40.6369],[-73.7455,40.6379],[-73.7457,40.6381],[-73.7453,40.6383],[-73.7453,40.6379],[-73.7465,40.6373],[-73.7468,40.6368],[-73.7463,40.6364],[-73.7452,40.6372],[-73.7447,40.6373],[-73.7448,40.6371],[-73.7437,40.639],[-73.7435,40.6389],[-73.744,40.6379],[-73.7427,40.6383],[-73.7419,40.6381],[-73.7413,40.6379],[-73.741,40.6373],[-73.7411,40.6375],[-73.7412,40.6369],[-73.7424,40.6358],[-73.7425,40.6352],[-73.7418,40.6349],[-73.74,40.6353],[-73.74,40.6351],[-73.7395,40.6357],[-73.7413,40.6389],[-73.7423,40.6401],[-73.7414,40.6405],[-73.7421,40.6415],[-73.7417,40.6422],[-73.7414,40.6469],[-73.739,40.6482],[-73.7351,40.6497],[-73.7303,40.6504],[-73.7252,40.652],[-73.7251,40.6523],[-73.725,40.6543],[-73.7255,40.6555],[-73.7256,40.6567],[-73.7283,40.663],[-73.7278,40.6631],[-73.7282,40.668],[-73.7276,40.6742],[-73.7263,40.6771],[-73.7256,40.6796],[-73.7268,40.7019],[-73.7269,40.71],[-73.7292,40.7192],[-73.7303,40.7222],[-73.7257,40.724],[-73.7169,40.7264],[-73.7105,40.7272],[-73.7077,40.7278],[-73.7015,40.7375],[-73.7,40.7392],[-73.7016,40.7525],[-73.7078,40.7562],[-73.721,40.7648],[-73.7215,40.7648],[-73.7394,40.776],[-73.7401,40.7762],[-73.744,40.7786],[-73.7443,40.7784],[-73.7441,40.7783],[-73.7444,40.7781],[-73.7444,40.7775],[-73.7447,40.7775],[-73.7447,40.7777],[-73.7451,40.7775],[-73.745,40.7766],[-73.7452,40.7774],[-73.7446,40.7779],[-73.7451,40.7782],[-73.7454,40.779],[-73.746,40.7789],[-73.7461,40.7785],[-73.7457,40.7782],[-73.7453,40.7772],[-73.7456,40.7778],[-73.7468,40.779],[-73.7472,40.7789],[-73.7478,40.7791],[-73.7474,40.7794],[-73.7481,40.7802],[-73.7482,40.7808],[-73.749,40.7811],[-73.7502,40.7824],[-73.7511,40.7826],[-73.752,40.7822],[-73.753,40.7813],[-73.753,40.7809],[-73.754,40.7796],[-73.7547,40.7777],[-73.7555,40.7777],[-73.7548,40.7776],[-73.7549,40.7769],[-73.7552,40.7765],[-73.7542,40.7753],[-73.7534,40.7732],[-73.7536,40.7727],[-73.7544,40.772],[-73.7556,40.7715],[-73.7553,40.771],[-73.7555,40.771],[-73.7553,40.771],[-73.7547,40.7697],[-73.7547,40.7688],[-73.7544,40.7688],[-73.7549,40.7684],[-73.7551,40.7675],[-73.753,40.7648],[-73.7517,40.7637],[-73.7512,40.7625],[-73.75,40.7616],[-73.7492,40.7614],[-73.7492,40.7616],[-73.7489,40.7617],[-73.7485,40.7614],[-73.7475,40.76],[-73.7464,40.7593],[-73.7461,40.7588],[-73.7463,40.7581],[-73.746,40.7578],[-73.7458,40.7579],[-73.7449,40.7572],[-73.7446,40.7569],[-73.7447,40.7566],[-73.7446,40.7569],[-73.7458,40.7578],[-73.7461,40.7577],[-73.7463,40.7578],[-73.7464,40.7582],[-73.7463,40.7591],[-73.7466,40.7593],[-73.7475,40.7599],[-73.7486,40.7609],[-73.7511,40.7618],[-73.7522,40.7638],[-73.7549,40.7661],[-73.756,40.7665],[-73.7565,40.7663],[-73.7564,40.7665],[-73.7574,40.7672],[-73.7579,40.7669],[-73.7586,40.7674],[-73.7589,40.7683],[-73.7651,40.7738],[-73.7671,40.7768],[-73.7682,40.7794],[-73.7668,40.7798],[-73.767,40.7801],[-73.7672,40.7798],[-73.7682,40.7794],[-73.7741,40.7859],[-73.7743,40.7867],[-73.7763,40.7885],[-73.775,40.7874],[-73.7742,40.7871],[-73.7743,40.7868],[-73.7717,40.7875],[-73.7708,40.788],[-73.7706,40.7885],[-73.7721,40.7902],[-73.7724,40.7915],[-73.7736,40.7927],[-73.774,40.794],[-73.7762,40.7961],[-73.7775,40.7966],[-73.7794,40.7967],[-73.7798,40.7962],[-73.7815,40.7957],[-73.782,40.795],[-73.7832,40.795],[-73.7833,40.7948],[-73.7819,40.7949],[-73.7808,40.794],[-73.7807,40.7933],[-73.7817,40.7935],[-73.7816,40.7933],[-73.7816,40.7935],[-73.7808,40.7933],[-73.7808,40.793],[-73.7811,40.7917],[-73.7817,40.7911],[-73.7843,40.7917],[-73.7825,40.7913],[-73.7838,40.7906],[-73.7857,40.7903],[-73.7903,40.7903],[-73.7928,40.7888],[-73.7936,40.789],[-73.7934,40.7896],[-73.7938,40.7891],[-73.7949,40.7918],[-73.7943,40.7936],[-73.7944,40.7948],[-73.7946,40.7949],[-73.7965,40.7951],[-73.7967,40.7952],[-73.7965,40.7956],[-73.7967,40.7952],[-73.7979,40.7956],[-73.7976,40.796],[-73.7979,40.7956],[-73.7996,40.7963],[-73.7997,40.7962],[-73.8002,40.7963],[-73.8001,40.7964],[-73.8003,40.7963],[-73.801,40.7965],[-73.8026,40.7963],[-73.8033,40.7967],[-73.8032,40.7971],[-73.8035,40.7965],[-73.8034,40.7969],[-73.8035,40.7965],[-73.8036,40.7966],[-73.8039,40.7963],[-73.804,40.7966],[-73.8041,40.7962],[-73.8041,40.7967],[-73.8042,40.7962],[-73.8043,40.7966],[-73.8043,40.7962],[-73.8046,40.7961],[-73.8046,40.7964],[-73.8047,40.7962],[-73.8053,40.7962],[-73.8053,40.7965],[-73.8054,40.7962],[-73.8059,40.7965],[-73.8063,40.7964],[-73.8062,40.7968],[-73.8064,40.7964],[-73.8116,40.7974],[-73.8118,40.7975],[-73.8118,40.798],[-73.8122,40.7981],[-73.8125,40.798],[-73.8129,40.7972],[-73.8132,40.7972],[-73.8135,40.7969],[-73.8134,40.7977],[-73.8137,40.7971],[-73.8137,40.7975],[-73.8161,40.7986],[-73.8158,40.799],[-73.8161,40.7986],[-73.8167,40.7991],[-73.8165,40.7993],[-73.8168,40.7991],[-73.8166,40.7994],[-73.8168,40.7991],[-73.8172,40.7992],[-73.8192,40.8006],[-73.8198,40.8008],[-73.8204,40.8006],[-73.8205,40.801],[-73.8204,40.8006],[-73.8216,40.8],[-73.8224,40.7991],[-73.8227,40.7995],[-73.8224,40.7991],[-73.8228,40.7993],[-73.8226,40.7989],[-73.823,40.7986],[-73.8233,40.799],[-73.8233,40.7985],[-73.8237,40.7989],[-73.8234,40.7984],[-73.8239,40.7982],[-73.8242,40.7987],[-73.824,40.798],[-73.8251,40.7974],[-73.8261,40.7973],[-73.8267,40.7978],[-73.8272,40.7976],[-73.827,40.7971],[-73.8274,40.7967],[-73.8291,40.7965],[-73.8298,40.7969],[-73.8298,40.7968],[-73.83,40.7969],[-73.8305,40.7964],[-73.8303,40.7962],[-73.8303,40.7963],[-73.8302,40.7963],[-73.8303,40.7964],[-73.83,40.7965],[-73.8301,40.7965],[-73.83,40.7965],[-73.8301,40.7966],[-73.8299,40.7966],[-73.83,40.7967],[-73.8298,40.7966],[-73.8299,40.7967],[-73.8298,40.7967],[-73.8298,40.7968],[-73.8295,40.7967],[-73.83,40.7961],[-73.8295,40.7967],[-73.8288,40.7962],[-73.828,40.7948],[-73.8279,40.7929],[-73.8284,40.7926],[-73.8292,40.793],[-73.8285,40.7925],[-73.829,40.792],[-73.83,40.7916],[-73.8307,40.7917],[-73.8314,40.7914],[-73.8321,40.79],[-73.832,40.7894],[-73.8314,40.7892],[-73.8317,40.7892],[-73.8321,40.7888],[-73.8329,40.7885],[-73.8338,40.7885],[-73.8341,40.7891],[-73.8353,40.7892],[-73.8357,40.7896],[-73.8371,40.7896],[-73.8373,40.789],[-73.8375,40.7904],[-73.8368,40.7905],[-73.8375,40.7905],[-73.8375,40.791],[-73.8373,40.7914],[-73.8366,40.7918],[-73.8366,40.7921],[-73.8371,40.7939],[-73.8384,40.7968],[-73.839,40.7971],[-73.84,40.7969],[-73.8403,40.7976],[-73.8392,40.7978],[-73.8379,40.7985],[-73.8392,40.7978],[-73.8404,40.7977],[-73.8401,40.7969],[-73.8406,40.7968],[-73.8413,40.7962],[-73.8414,40.7951],[-73.8422,40.7956],[-73.8429,40.7969],[-73.8423,40.7956],[-73.8428,40.7954],[-73.8433,40.7962],[-73.8428,40.7952],[-73.8433,40.7955],[-73.8435,40.7949],[-73.8446,40.7949],[-73.8456,40.796],[-73.8462,40.7962],[-73.8487,40.7954],[-73.8491,40.7941],[-73.8488,40.7935],[-73.8491,40.7934],[-73.8516,40.7941],[-73.8526,40.7949],[-73.8528,40.7944],[-73.8537,40.794],[-73.8538,40.7923],[-73.8527,40.7911],[-73.8545,40.7903],[-73.8548,40.7886],[-73.8544,40.7883],[-73.8528,40.7882],[-73.8535,40.7878],[-73.8559,40.7877],[-73.8568,40.7867],[-73.8581,40.787],[-73.8587,40.7865],[-73.8586,40.7861],[-73.8591,40.7859],[-73.859,40.7855],[-73.8595,40.7855],[-73.8593,40.785],[-73.8595,40.7855],[-73.8592,40.7853],[-73.8591,40.7855],[-73.8591,40.7852],[-73.8591,40.7854],[-73.859,40.7852],[-73.8585,40.7852],[-73.8579,40.7845],[-73.8581,40.7837],[-73.8568,40.7834],[-73.8566,40.7829],[-73.8565,40.7834],[-73.8555,40.7831],[-73.8553,40.782],[-73.8537,40.782],[-73.8532,40.7821],[-73.8531,40.7823],[-73.8503,40.7825],[-73.8492,40.7823],[-73.8495,40.7818],[-73.8492,40.7816],[-73.8498,40.7816],[-73.8499,40.7811],[-73.8509,40.7811],[-73.8499,40.7811],[-73.8495,40.7801],[-73.8517,40.78],[-73.8517,40.7799],[-73.8503,40.78],[-73.8496,40.7799],[-73.8498,40.7797],[-73.8524,40.7795],[-73.8524,40.7792],[-73.8524,40.7795],[-73.8498,40.7796],[-73.8501,40.7794],[-73.8511,40.7793],[-73.851,40.7791],[-73.8515,40.779],[-73.8496,40.7795],[-73.8499,40.7788],[-73.8495,40.7787],[-73.8497,40.7784],[-73.849,40.778],[-73.8492,40.7758],[-73.8489,40.7756],[-73.8492,40.7747],[-73.849,40.7736],[-73.85,40.7722],[-73.85,40.772],[-73.8513,40.772],[-73.8513,40.7718],[-73.8503,40.7717],[-73.8503,40.7719],[-73.8499,40.7719],[-73.8487,40.7708],[-73.8485,40.7697],[-73.849,40.7691],[-73.8487,40.7687],[-73.8482,40.7685],[-73.8483,40.7682],[-73.8486,40.7681],[-73.8478,40.7668],[-73.8472,40.7663],[-73.8462,40.7662],[-73.8445,40.7655],[-73.8403,40.7663],[-73.8399,40.7671],[-73.8396,40.7671],[-73.8397,40.7664],[-73.8391,40.766],[-73.8396,40.7653],[-73.8405,40.7654],[-73.8427,40.7646],[-73.843,40.7643],[-73.8431,40.7636],[-73.8434,40.7634],[-73.8437,40.7636],[-73.8436,40.7634],[-73.8486,40.7602],[-73.8492,40.7603],[-73.8498,40.7613],[-73.8521,40.7604],[-73.852,40.7602],[-73.8499,40.7611],[-73.8493,40.7602],[-73.8504,40.7595],[-73.8516,40.7594],[-73.853,40.7602],[-73.8528,40.76],[-73.8537,40.7602],[-73.8547,40.7602],[-73.8553,40.7606],[-73.8571,40.7612],[-73.8586,40.7619],[-73.8582,40.7624],[-73.8566,40.7616],[-73.8582,40.7624],[-73.8576,40.7631],[-73.8568,40.7625],[-73.8566,40.7627],[-73.8576,40.7631],[-73.8567,40.7639],[-73.857,40.7641],[-73.8576,40.7631],[-73.8583,40.7636],[-73.8585,40.7634],[-73.8577,40.7631],[-73.8586,40.7619],[-73.8588,40.7621],[-73.8586,40.7625],[-73.8589,40.7621],[-73.8589,40.7624],[-73.8595,40.7626],[-73.8628,40.7668],[-73.8613,40.7669],[-73.8611,40.7673],[-73.8609,40.7669],[-73.8594,40.7671],[-73.8577,40.7683],[-73.857,40.7691],[-73.8562,40.7689],[-73.8562,40.7692],[-73.8573,40.7702],[-73.858,40.7702],[-73.8579,40.7707],[-73.8565,40.7703],[-73.8551,40.7718],[-73.8551,40.7722],[-73.8647,40.7767],[-73.8726,40.7808],[-73.8723,40.7811],[-73.872,40.7809],[-73.8702,40.7812],[-73.872,40.781],[-73.8723,40.7811],[-73.8715,40.7821],[-73.8705,40.7823],[-73.8694,40.7836],[-73.8685,40.7837],[-73.8686,40.7838],[-73.8694,40.7836],[-73.8699,40.7851],[-73.8679,40.7874],[-73.8681,40.7875],[-73.8698,40.7853],[-73.8712,40.786],[-73.8752,40.7815],[-73.8783,40.783],[-73.8788,40.7824],[-73.8797,40.7829],[-73.8789,40.7824],[-73.8793,40.7819],[-73.8791,40.7817],[-73.8787,40.7806],[-73.8796,40.7809],[-73.8797,40.7807],[-73.8814,40.7806],[-73.8827,40.7802],[-73.8839,40.7803],[-73.8849,40.78],[-73.885,40.7796],[-73.8852,40.7798],[-73.8851,40.7795],[-73.8854,40.7797],[-73.8851,40.7795],[-73.8853,40.7786],[-73.8843,40.7755],[-73.8848,40.7753],[-73.8848,40.775],[-73.8846,40.7744],[-73.8839,40.7741],[-73.8858,40.774],[-73.8857,40.7744],[-73.8858,40.774],[-73.8895,40.7735],[-73.8899,40.7738],[-73.8902,40.7736],[-73.8895,40.7755],[-73.8901,40.7778],[-73.8904,40.7778],[-73.8906,40.7774],[-73.8911,40.7771],[-73.8918,40.7749],[-73.8914,40.7763],[-73.8925,40.7774],[-73.8912,40.7786],[-73.8917,40.7795],[-73.8925,40.7796],[-73.8916,40.7806],[-73.8917,40.7809],[-73.8922,40.7812],[-73.8921,40.7814],[-73.8923,40.7813],[-73.893,40.7818],[-73.8922,40.7824],[-73.8917,40.7822],[-73.8927,40.783],[-73.8923,40.7825],[-73.8931,40.7818],[-73.8942,40.7825],[-73.8953,40.7816],[-73.8946,40.7823],[-73.8954,40.7817],[-73.8948,40.7823],[-73.8961,40.7832],[-73.8944,40.7842],[-73.8987,40.782],[-73.9003,40.7822],[-73.9013,40.7819],[-73.902,40.7812],[-73.9022,40.7804],[-73.9023,40.7802],[-73.9026,40.7803],[-73.9022,40.7818],[-73.9011,40.7827],[-73.8988,40.7827],[-73.8958,40.7852],[-73.8961,40.7856],[-73.8959,40.7856],[-73.8961,40.7856],[-73.896,40.7858],[-73.8965,40.7861],[-73.8964,40.7862],[-73.8965,40.7861],[-73.8969,40.7866],[-73.9003,40.789],[-73.9099,40.7909],[-73.9109,40.79],[-73.9109,40.7898],[-73.9118,40.7897],[-73.9127,40.789],[-73.9124,40.7893],[-73.9126,40.7894],[-73.9156,40.7864],[-73.9153,40.7862],[-73.9158,40.7861],[-73.9168,40.7852],[-73.9172,40.7842],[-73.9182,40.7839],[-73.9191,40.7834],[-73.9221,40.7809],[-73.923,40.7804],[-73.9249,40.7786],[-73.9263,40.7782],[-73.9286,40.7766],[-73.9299,40.7762],[-73.9306,40.7766],[-73.931,40.7774],[-73.9318,40.7779],[-73.9338,40.7781],[-73.9351,40.7779],[-73.9364,40.7769],[-73.9377,40.7751],[-73.9379,40.7741],[-73.9375,40.7725],[-73.9356,40.7719],[-73.9344,40.7715],[-73.9345,40.7712],[-73.935,40.7712],[-73.9351,40.7705],[-73.9347,40.7704],[-73.9349,40.77],[-73.9357,40.7694],[-73.9364,40.7695],[-73.9368,40.7689],[-73.9375,40.769],[-73.938,40.7688],[-73.9379,40.7686],[-73.9382,40.7687],[-73.939,40.768],[-73.9394,40.7682],[-73.9398,40.768],[-73.9413,40.7669],[-73.9435,40.7645],[-73.9513,40.7546],[-73.9545,40.7512],[-73.9545,40.7506],[-73.9551,40.7496],[-73.9553,40.75],[-73.9555,40.7497],[-73.9562,40.7497],[-73.9558,40.7496],[-73.956,40.7494],[-73.9562,40.7495],[-73.956,40.7494],[-73.9563,40.7491],[-73.9548,40.7484],[-73.9531,40.7481],[-73.9532,40.7477],[-73.9549,40.748],[-73.957,40.7489],[-73.9591,40.746],[-73.9585,40.7458],[-73.9591,40.7458],[-73.9593,40.7455],[-73.9585,40.745],[-73.9597,40.7452],[-73.9588,40.7449],[-73.9589,40.7446],[-73.9594,40.7446],[-73.9588,40.7446],[-73.9592,40.7443],[-73.9601,40.7444],[-73.9594,40.7443],[-73.9596,40.7439],[-73.9606,40.744],[-73.9597,40.7439],[-73.9598,40.7435],[-73.9605,40.7435],[-73.9612,40.7426],[-73.9616,40.742],[-73.9611,40.7418],[-73.9614,40.7418],[-73.9611,40.7417],[-73.9612,40.7411],[-73.9618,40.7411],[-73.9619,40.7408],[-73.9612,40.7404],[-73.9618,40.74],[-73.9622,40.74],[-73.9626,40.7388],[-73.9622,40.7383],[-73.9607,40.7381],[-73.9574,40.7396],[-73.9538,40.7398],[-73.9514,40.7393],[-73.9472,40.7379],[-73.9455,40.7382],[-73.9427,40.7391],[-73.9412,40.7403],[-73.9397,40.7427],[-73.9401,40.7428],[-73.94,40.7432],[-73.9386,40.7429],[-73.9387,40.7425],[-73.9391,40.7426],[-73.9406,40.7404],[-73.9404,40.7403],[-73.9405,40.7401],[-73.9415,40.7392],[-73.9426,40.739],[-73.9428,40.7389],[-73.9426,40.7388],[-73.9459,40.7375],[-73.9416,40.7358],[-73.9401,40.7338],[-73.9402,40.7335],[-73.9391,40.7314],[-73.938,40.7305],[-73.9364,40.7297],[-73.9345,40.7291],[-73.9292,40.7283],[-73.9286,40.7278],[-73.9266,40.7257],[-73.9249,40.7245],[-73.9242,40.7243],[-73.9223,40.7242],[-73.9204,40.7237],[-73.9207,40.7233],[-73.9221,40.7237],[-73.9244,40.7236],[-73.9252,40.7224],[-73.9242,40.7214],[-73.9238,40.7201],[-73.9239,40.719],[-73.9222,40.7164],[-73.9206,40.716],[-73.9206,40.7158],[-73.9223,40.7161],[-73.9237,40.7155],[-73.9241,40.7151],[-73.9237,40.7141],[-73.924,40.714],[-73.9222,40.7129],[-73.9215,40.711],[-73.9207,40.7105],[-73.9219,40.7094],[-73.9192,40.7078],[-73.9185,40.7074],[-73.9159,40.7059],[-73.9148,40.7052],[-73.9118,40.7034],[-73.9129,40.7024],[-73.9107,40.701],[-73.9118,40.6999],[-73.9095,40.6987],[-73.9043,40.6957],[-73.9058,40.6941],[-73.9021,40.692],[-73.9014,40.6916],[-73.9019,40.6911],[-73.9004,40.6882],[-73.9012,40.6879],[-73.8965,40.6824],[-73.8965,40.6823],[-73.8949,40.6845],[-73.8941,40.6852],[-73.8926,40.6835],[-73.8902,40.685],[-73.8896,40.6842],[-73.8881,40.6853],[-73.8845,40.6867],[-73.8838,40.6879],[-73.8795,40.6911],[-73.874,40.6942],[-73.8689,40.6951],[-73.8684,40.6947],[-73.8687,40.694],[-73.8681,40.6912],[-73.867,40.6868],[-73.8665,40.6845],[-73.8663,40.6831],[-73.866,40.6819],[-73.8641,40.6824],[-73.8633,40.6792],[-73.8633,40.6791],[-73.8623,40.6792],[-73.8604,40.6713],[-73.8595,40.6714],[-73.8576,40.6717],[-73.8573,40.6703],[-73.8572,40.6702],[-73.8557,40.6639],[-73.8561,40.6638],[-73.8584,40.6635],[-73.8581,40.662],[-73.8576,40.6601],[-73.8585,40.6599],[-73.8603,40.6596],[-73.8632,40.6583]]],[[[-73.8605,40.6546],[-73.86,40.654],[-73.8572,40.6503],[-73.857,40.6506],[-73.8573,40.6512],[-73.859,40.6527],[-73.8598,40.6545],[-73.8605,40.6551],[-73.861,40.6552],[-73.8609,40.6551],[-73.8606,40.6547],[-73.8605,40.6546]]],[[[-73.8264,40.5905],[-73.8264,40.5914],[-73.8256,40.5917],[-73.8255,40.592],[-73.8273,40.5915],[-73.8271,40.591],[-73.8277,40.5906],[-73.8276,40.59],[-73.8274,40.5898],[-73.8269,40.5899],[-73.8264,40.5905]]],[[[-73.8319,40.5934],[-73.834,40.5936],[-73.8348,40.5939],[-73.8375,40.5969],[-73.8406,40.5973],[-73.8435,40.5951],[-73.8434,40.5935],[-73.8428,40.5933],[-73.8424,40.5925],[-73.8418,40.592],[-73.8405,40.5912],[-73.8406,40.5915],[-73.8384,40.5904],[-73.8388,40.5912],[-73.8381,40.5907],[-73.8381,40.5903],[-73.8369,40.5895],[-73.8352,40.5894],[-73.8346,40.5891],[-73.8336,40.589],[-73.8312,40.5915],[-73.8319,40.5934]]],[[[-73.81,40.6001],[-73.8099,40.6019],[-73.8102,40.6028],[-73.8127,40.6039],[-73.8132,40.6044],[-73.8143,40.6045],[-73.8148,40.604],[-73.815,40.6021],[-73.8122,40.5986],[-73.8116,40.5981],[-73.8113,40.5985],[-73.8105,40.5988],[-73.81,40.6001]]],[[[-73.8003,40.6071],[-73.8005,40.6071],[-73.8005,40.6068],[-73.8009,40.6066],[-73.8003,40.6063],[-73.8007,40.6062],[-73.8011,40.6064],[-73.8006,40.6063],[-73.801,40.6066],[-73.8006,40.6068],[-73.8008,40.6071],[-73.8018,40.6064],[-73.8031,40.6064],[-73.8034,40.6059],[-73.8039,40.6056],[-73.8034,40.6047],[-73.8037,40.6046],[-73.8038,40.6043],[-73.8034,40.6043],[-73.8032,40.6046],[-73.8017,40.6041],[-73.8004,40.6044],[-73.7973,40.6041],[-73.7964,40.6047],[-73.7962,40.6046],[-73.7967,40.6051],[-73.7963,40.6058],[-73.7977,40.6064],[-73.7982,40.6059],[-73.7977,40.6053],[-73.7979,40.6047],[-73.8,40.6046],[-73.8005,40.6048],[-73.8002,40.6048],[-73.7999,40.6046],[-73.7988,40.605],[-73.7986,40.6048],[-73.798,40.6048],[-73.7978,40.6052],[-73.7987,40.6056],[-73.7995,40.6052],[-73.8001,40.6053],[-73.8001,40.6055],[-73.7996,40.6053],[-73.7987,40.6057],[-73.7983,40.6055],[-73.7984,40.606],[-73.7979,40.6066],[-73.8003,40.6071]]],[[[-73.7967,40.609],[-73.801,40.6087],[-73.8016,40.6084],[-73.8014,40.6082],[-73.8018,40.608],[-73.8031,40.6075],[-73.804,40.6061],[-73.8033,40.6066],[-73.8019,40.6066],[-73.8011,40.6072],[-73.8005,40.6072],[-73.799,40.6069],[-73.7979,40.6069],[-73.7967,40.6062],[-73.7957,40.6065],[-73.7956,40.6059],[-73.796,40.6053],[-73.7957,40.6052],[-73.7953,40.6058],[-73.7955,40.6074],[-73.7958,40.6081],[-73.7961,40.6074],[-73.7965,40.6073],[-73.7963,40.6076],[-73.7965,40.608],[-73.796,40.6082],[-73.7967,40.609]]],[[[-73.8273,40.6095],[-73.8276,40.6093],[-73.8271,40.6083],[-73.8275,40.6082],[-73.8278,40.6078],[-73.829,40.6074],[-73.8294,40.6066],[-73.8291,40.6058],[-73.8277,40.6052],[-73.8246,40.6047],[-73.8245,40.6051],[-73.8254,40.6067],[-73.8257,40.6078],[-73.8268,40.6079],[-73.8258,40.6079],[-73.826,40.6083],[-73.8258,40.6089],[-73.8264,40.6093],[-73.8273,40.6095]]],[[[-73.7667,40.6143],[-73.7717,40.614],[-73.773,40.6136],[-73.7734,40.6137],[-73.7742,40.6118],[-73.7739,40.6121],[-73.7738,40.6113],[-73.773,40.6102],[-73.7734,40.6111],[-73.7722,40.6115],[-73.7713,40.6104],[-73.7698,40.6101],[-73.769,40.6094],[-73.7692,40.6084],[-73.7698,40.6079],[-73.77,40.6072],[-73.77,40.6053],[-73.7706,40.6048],[-73.7702,40.6031],[-73.7704,40.6029],[-73.7702,40.6027],[-73.7708,40.6018],[-73.7712,40.5994],[-73.7709,40.5989],[-73.7703,40.599],[-73.7683,40.5983],[-73.7679,40.5981],[-73.7681,40.5978],[-73.7695,40.5983],[-73.7704,40.5981],[-73.7711,40.5983],[-73.7717,40.598],[-73.7725,40.5979],[-73.7736,40.5981],[-73.7737,40.5987],[-73.7742,40.599],[-73.7741,40.5999],[-73.7747,40.6007],[-73.7745,40.601],[-73.7747,40.601],[-73.775,40.6017],[-73.776,40.6014],[-73.7772,40.5996],[-73.7774,40.5988],[-73.7797,40.5974],[-73.7801,40.5969],[-73.7802,40.5972],[-73.7813,40.5978],[-73.7819,40.5985],[-73.7819,40.5991],[-73.7801,40.6007],[-73.7782,40.6004],[-73.7781,40.6007],[-73.7784,40.6008],[-73.7778,40.601],[-73.7765,40.6022],[-73.7765,40.6024],[-73.7757,40.6028],[-73.7756,40.603],[-73.7761,40.6028],[-73.7759,40.6035],[-73.7754,40.6042],[-73.7749,40.6041],[-73.7747,40.6043],[-73.7752,40.6045],[-73.7746,40.6073],[-73.7749,40.6081],[-73.776,40.6092],[-73.7752,40.6086],[-73.7748,40.608],[-73.7746,40.6074],[-73.7742,40.6076],[-73.7748,40.6084],[-73.7742,40.6086],[-73.7742,40.6089],[-73.7754,40.6097],[-73.7763,40.6096],[-73.7773,40.6098],[-73.7786,40.6096],[-73.7804,40.6084],[-73.7837,40.6053],[-73.7839,40.6048],[-73.7831,40.6038],[-73.7835,40.6026],[-73.7845,40.6018],[-73.7854,40.6015],[-73.7856,40.6008],[-73.786,40.6009],[-73.7856,40.6008],[-73.7858,40.6006],[-73.7861,40.6006],[-73.7858,40.6006],[-73.786,40.6003],[-73.7891,40.598],[-73.7891,40.5954],[-73.7897,40.5949],[-73.7897,40.5962],[-73.79,40.5962],[-73.7898,40.5947],[-73.7901,40.5948],[-73.7902,40.5961],[-73.7904,40.5961],[-73.7902,40.5948],[-73.7904,40.5948],[-73.7903,40.5949],[-73.7904,40.5949],[-73.7904,40.595],[-73.7905,40.595],[-73.7906,40.5961],[-73.7908,40.5961],[-73.7906,40.595],[-73.7905,40.595],[-73.7904,40.5948],[-73.7909,40.595],[-73.7911,40.5972],[-73.7903,40.5993],[-73.7879,40.601],[-73.7872,40.6023],[-73.7862,40.603],[-73.7865,40.6033],[-73.7879,40.6031],[-73.7923,40.6],[-73.7933,40.6],[-73.7946,40.5994],[-73.7984,40.5992],[-73.7991,40.5994],[-73.8005,40.5992],[-73.8005,40.5993],[-73.8008,40.5992],[-73.8009,40.5994],[-73.8009,40.5992],[-73.8017,40.5989],[-73.803,40.5988],[-73.8039,40.5979],[-73.8047,40.5977],[-73.8051,40.5972],[-73.8037,40.5952],[-73.8033,40.5952],[-73.8039,40.595],[-73.8032,40.5951],[-73.8034,40.595],[-73.8032,40.5949],[-73.8037,40.5948],[-73.8032,40.5947],[-73.8034,40.5944],[-73.8032,40.5947],[-73.8023,40.5945],[-73.8026,40.5943],[-73.8033,40.5943],[-73.8032,40.5941],[-73.8026,40.5943],[-73.8025,40.594],[-73.8032,40.5939],[-73.8031,40.5938],[-73.8025,40.5939],[-73.8024,40.5926],[-73.803,40.5926],[-73.8038,40.5929],[-73.8041,40.5943],[-73.8049,40.5951],[-73.806,40.5956],[-73.8071,40.5953],[-73.808,40.5942],[-73.8078,40.5934],[-73.8042,40.5919],[-73.8043,40.5913],[-73.8058,40.5919],[-73.8057,40.5908],[-73.806,40.592],[-73.8096,40.5936],[-73.8095,40.5928],[-73.8097,40.5924],[-73.8098,40.5927],[-73.8097,40.5924],[-73.81,40.5931],[-73.8099,40.5923],[-73.8108,40.5921],[-73.8109,40.5925],[-73.8114,40.5925],[-73.8114,40.5927],[-73.8107,40.5928],[-73.8114,40.5927],[-73.8111,40.593],[-73.8114,40.5929],[-73.8114,40.5924],[-73.811,40.5925],[-73.8108,40.5921],[-73.811,40.5918],[-73.8113,40.5917],[-73.8115,40.5929],[-73.8117,40.5916],[-73.8132,40.5911],[-73.8136,40.5917],[-73.8133,40.591],[-73.8136,40.5908],[-73.8147,40.5906],[-73.8152,40.59],[-73.8167,40.5893],[-73.8176,40.5893],[-73.8174,40.5889],[-73.8215,40.5868],[-73.8229,40.5875],[-73.8248,40.5872],[-73.828,40.5861],[-73.8285,40.5849],[-73.8358,40.5829],[-73.8386,40.5828],[-73.839,40.5826],[-73.8394,40.5819],[-73.8452,40.5816],[-73.8486,40.5822],[-73.8504,40.5821],[-73.8531,40.5813],[-73.8655,40.5746],[-73.8776,40.5689],[-73.8787,40.5686],[-73.8819,40.5687],[-73.8826,40.5684],[-73.8834,40.5683],[-73.8837,40.5688],[-73.8839,40.5689],[-73.8835,40.5685],[-73.8837,40.5684],[-73.8836,40.5682],[-73.8838,40.5681],[-73.884,40.5685],[-73.8838,40.5681],[-73.8841,40.5682],[-73.8841,40.568],[-73.8843,40.5682],[-73.8845,40.5679],[-73.8847,40.5683],[-73.8843,40.5684],[-73.8848,40.5683],[-73.8849,40.5685],[-73.8843,40.5687],[-73.8891,40.5679],[-73.8926,40.5686],[-73.8941,40.5678],[-73.8952,40.5669],[-73.8957,40.567],[-73.8953,40.5663],[-73.8961,40.5654],[-73.9,40.5632],[-73.9016,40.5628],[-73.9024,40.5629],[-73.9029,40.5635],[-73.9047,40.5628],[-73.9066,40.5628],[-73.908,40.5634],[-73.9079,40.5641],[-73.9087,40.5639],[-73.9098,40.5643],[-73.91,40.5648],[-73.9097,40.5653],[-73.91,40.5648],[-73.9108,40.5651],[-73.9119,40.565],[-73.9117,40.5659],[-73.912,40.5659],[-73.9122,40.5658],[-73.912,40.5658],[-73.9119,40.565],[-73.9146,40.5644],[-73.9177,40.5628],[-73.9203,40.5622],[-73.9203,40.5626],[-73.9204,40.5622],[-73.9211,40.5621],[-73.9242,40.562],[-73.9262,40.5616],[-73.9318,40.5579],[-73.9331,40.5574],[-73.9351,40.5573],[-73.9365,40.5569],[-73.9387,40.5557],[-73.9393,40.555],[-73.9399,40.5538],[-73.9403,40.5524],[-73.9401,40.548],[-73.9407,40.5418],[-73.9405,40.5429],[-73.9389,40.5432],[-73.9361,40.5445],[-73.9195,40.5506],[-73.9069,40.5556],[-73.9028,40.5567],[-73.9012,40.5568],[-73.9006,40.5564],[-73.8991,40.5566],[-73.898,40.5571],[-73.8974,40.557],[-73.8971,40.5567],[-73.897,40.5569],[-73.8955,40.5574],[-73.8949,40.5571],[-73.895,40.5573],[-73.8935,40.5579],[-73.8925,40.5581],[-73.8921,40.5579],[-73.8908,40.5586],[-73.8902,40.5588],[-73.8896,40.5587],[-73.8879,40.5595],[-73.887,40.5594],[-73.8861,40.5599],[-73.8849,40.56],[-73.8832,40.5609],[-73.8824,40.5608],[-73.8824,40.5609],[-73.8813,40.5614],[-73.8803,40.5614],[-73.8762,40.5631],[-73.8732,40.5641],[-73.8727,40.5641],[-73.8724,40.5636],[-73.8726,40.5641],[-73.8709,40.5648],[-73.8706,40.5648],[-73.8703,40.5642],[-73.8706,40.5648],[-73.8692,40.5654],[-73.8685,40.5655],[-73.8683,40.5651],[-73.8685,40.5655],[-73.8669,40.5661],[-73.8666,40.5661],[-73.8663,40.5655],[-73.8666,40.5661],[-73.8656,40.5666],[-73.8636,40.567],[-73.863,40.5669],[-73.8627,40.5665],[-73.8629,40.5668],[-73.8572,40.5691],[-73.8378,40.5759],[-73.8339,40.5776],[-73.8135,40.5835],[-73.808,40.584],[-73.8068,40.5844],[-73.8058,40.5845],[-73.8037,40.585],[-73.8033,40.5849],[-73.8018,40.5854],[-73.792,40.5872],[-73.7894,40.5876],[-73.7888,40.5875],[-73.7877,40.5879],[-73.7845,40.5885],[-73.7804,40.5896],[-73.7792,40.5896],[-73.7758,40.5903],[-73.7759,40.5902],[-73.7687,40.5909],[-73.768,40.5907],[-73.7613,40.5917],[-73.7579,40.5914],[-73.756,40.5909],[-73.7534,40.591],[-73.7517,40.5913],[-73.7491,40.5932],[-73.7467,40.5943],[-73.7446,40.5947],[-73.7435,40.5946],[-73.7433,40.5948],[-73.7424,40.5947],[-73.7422,40.5949],[-73.7417,40.5946],[-73.7413,40.5948],[-73.7409,40.5945],[-73.7406,40.5947],[-73.7396,40.5944],[-73.739,40.5946],[-73.7388,40.5944],[-73.7388,40.5945],[-73.7385,40.5944],[-73.738,40.5946],[-73.7384,40.5959],[-73.7384,40.5971],[-73.7389,40.5968],[-73.7394,40.597],[-73.7395,40.597],[-73.7398,40.5969],[-73.7399,40.5968],[-73.7397,40.5965],[-73.7399,40.5968],[-73.7395,40.597],[-73.7395,40.5969],[-73.7396,40.5968],[-73.7396,40.5964],[-73.7399,40.5961],[-73.7405,40.5961],[-73.7405,40.5966],[-73.7418,40.5967],[-73.7406,40.597],[-73.7404,40.5968],[-73.7404,40.5962],[-73.7401,40.5962],[-73.7398,40.5964],[-73.7401,40.5967],[-73.7399,40.5971],[-73.7394,40.5972],[-73.7388,40.597],[-73.7386,40.5973],[-73.7387,40.5969],[-73.7384,40.5976],[-73.7384,40.6031],[-73.7392,40.604],[-73.7403,40.6046],[-73.7434,40.6075],[-73.7431,40.6077],[-73.7458,40.612],[-73.7469,40.6116],[-73.7472,40.6122],[-73.7476,40.612],[-73.748,40.6123],[-73.7482,40.612],[-73.7501,40.6116],[-73.7535,40.6105],[-73.7547,40.6104],[-73.755,40.6101],[-73.7556,40.6101],[-73.7559,40.6104],[-73.7556,40.6101],[-73.7559,40.6103],[-73.7566,40.6101],[-73.7592,40.6104],[-73.7597,40.6102],[-73.7595,40.6108],[-73.76,40.6109],[-73.7616,40.609],[-73.7618,40.6092],[-73.7602,40.6108],[-73.7617,40.6118],[-73.7623,40.6114],[-73.7651,40.612],[-73.7652,40.6138],[-73.7667,40.6143]]],[[[-73.7667,40.615],[-73.7675,40.6205],[-73.7685,40.6206],[-73.7709,40.6159],[-73.7667,40.615]]],[[[-73.8122,40.6253],[-73.812,40.626],[-73.8125,40.6265],[-73.8145,40.6255],[-73.8144,40.6252],[-73.8139,40.625],[-73.813,40.6239],[-73.8133,40.6226],[-73.813,40.6223],[-73.8125,40.6235],[-73.8121,40.6234],[-73.8117,40.6236],[-73.8124,40.6244],[-73.8122,40.6253]]],[[[-73.7988,40.6253],[-73.7976,40.6261],[-73.7983,40.6262],[-73.7991,40.6266],[-73.7996,40.6261],[-73.8016,40.6256],[-73.8029,40.6247],[-73.8036,40.6247],[-73.8047,40.6238],[-73.8054,40.6238],[-73.8059,40.6234],[-73.8064,40.6223],[-73.8062,40.6218],[-73.8064,40.6211],[-73.8056,40.6199],[-73.8059,40.6196],[-73.8049,40.6186],[-73.8045,40.6176],[-73.8045,40.617],[-73.8036,40.616],[-73.8035,40.6144],[-73.8019,40.6168],[-73.8013,40.6185],[-73.8021,40.6208],[-73.8018,40.6208],[-73.8011,40.6197],[-73.8007,40.6195],[-73.8002,40.6196],[-73.7987,40.6234],[-73.7992,40.6242],[-73.8004,40.6239],[-73.8004,40.6241],[-73.7988,40.6251],[-73.7982,40.6245],[-73.7978,40.6245],[-73.7988,40.6253]]],[[[-73.8143,40.6291],[-73.8147,40.63],[-73.8153,40.6302],[-73.816,40.6304],[-73.8164,40.6298],[-73.8162,40.6289],[-73.8153,40.6278],[-73.8147,40.6275],[-73.8143,40.6291]]],[[[-73.836,40.6322],[-73.8362,40.6315],[-73.8357,40.6313],[-73.835,40.6318],[-73.836,40.6322]]],[[[-73.8303,40.6551],[-73.8299,40.6555],[-73.8303,40.6554],[-73.8303,40.6551]]],[[[-73.7446,40.7789],[-73.7451,40.7791],[-73.7448,40.7786],[-73.7445,40.7789],[-73.7443,40.7787],[-73.7446,40.7789]]],[[[-73.7467,40.7803],[-73.7472,40.7801],[-73.7468,40.7794],[-73.7456,40.7796],[-73.7467,40.7803]]]]},"properties":{"borocode":"4","boroname":"Queens","shape_area":"3041419716.32","shape_leng":"887902.903727"}},
{"type":"Feature","geometry":{"type":"MultiPolygon","coordinates":[[[[-74.0082,40.6862],[-74.0084,40.6864],[-74.0122,40.6841],[-74.0119,40.6839],[-74.0082,40.6862]]],[[[-74.005,40.6876],[-74.0074,40.6882],[-74.0078,40.6874],[-74.0056,40.6868],[-74.005,40.6876]]],[[[-74.0038,40.6889],[-74.0064,40.6897],[-74.0068,40.6888],[-74.0046,40.6882],[-74.0038,40.6889]]],[[[-74.003,40.6904],[-74.0053,40.6911],[-74.0058,40.6902],[-74.0034,40.6896],[-74.003,40.6904]]],[[[-74.002,40.6918],[-74.0044,40.6925],[-74.0048,40.6918],[-74.0007,40.6906],[-74.0013,40.6915],[-74.002,40.6918]]],[[[-74.0018,40.6923],[-74.0021,40.6924],[-74.0022,40.6922],[-74.0018,40.6922],[-74.0018,40.6923]]],[[[-74.0013,40.6933],[-74.0035,40.6941],[-74.004,40.6932],[-74.0017,40.6924],[-74.0013,40.6933]]],[[[-74.0003,40.695],[-74.0024,40.6957],[-74.003,40.6948],[-74.001,40.6941],[-74.0003,40.695]]],[[[-73.9984,40.6981],[-74.0005,40.6988],[-74.001,40.6979],[-73.9989,40.6972],[-73.9984,40.6981]]],[[[-73.9975,40.6996],[-73.9995,40.7003],[-74,40.6995],[-73.998,40.6988],[-73.9975,40.6996]]],[[[-73.9951,40.703],[-73.9962,40.7034],[-73.9981,40.7015],[-73.9967,40.7009],[-73.9951,40.703]]],[[[-73.9948,40.7033],[-73.9953,40.7036],[-73.9954,40.7033],[-73.995,40.7031],[-73.9948,40.7033]]],[[[-73.9823,40.7056],[-73.9823,40.7057],[-73.981,40.7059],[-73.9824,40.7058],[-73.9825,40.7055],[-73.9823,40.7056]]],[[[-73.9666,40.718],[-73.9672,40.7185],[-73.9673,40.7183],[-73.9666,40.718]]],[[[-73.9657,40.7187],[-73.9664,40.7191],[-73.9665,40.7194],[-73.9666,40.7191],[-73.9658,40.7187],[-73.9657,40.7187]]],[[[-73.965,40.7204],[-73.9656,40.7207],[-73.9651,40.7203],[-73.965,40.7204]]],[[[-73.9644,40.7205],[-73.9649,40.721],[-73.965,40.7208],[-73.9644,40.7204],[-73.9644,40.7205]]],[[[-73.9642,40.7207],[-73.965,40.7214],[-73.9643,40.7206],[-73.9642,40.7207]]],[[[-73.964,40.7209],[-73.9644,40.721],[-73.9641,40.7208],[-73.964,40.7209]]],[[[-73.962,40.724],[-73.9625,40.7242],[-73.9621,40.7239],[-73.962,40.724]]],[[[-73.9613,40.7302],[-73.9625,40.7297],[-73.9613,40.7301],[-73.9613,40.7302]]],[[[-73.9617,40.7316],[-73.9637,40.7314],[-73.9637,40.7312],[-73.9617,40.7315],[-73.9617,40.7316]]],[[[-74.0439,40.6902],[-74.0461,40.6911],[-74.0472,40.691],[-74.0472,40.6904],[-74.0469,40.6901],[-74.0474,40.6898],[-74.0477,40.6899],[-74.0475,40.6896],[-74.0468,40.69],[-74.0463,40.6893],[-74.0444,40.6885],[-74.0436,40.6888],[-74.0435,40.6896],[-74.0426,40.69],[-74.0427,40.6902],[-74.0435,40.6897],[-74.0439,40.6902]]],[[[-74.0167,40.6933],[-74.0197,40.6931],[-74.0202,40.692],[-74.0264,40.6862],[-74.0266,40.6852],[-74.0257,40.6842],[-74.0242,40.6839],[-74.0228,40.6843],[-74.0224,40.6838],[-74.0231,40.6829],[-74.0221,40.6838],[-74.0226,40.6844],[-74.0221,40.6844],[-74.0222,40.6845],[-74.0206,40.6852],[-74.0203,40.6848],[-74.021,40.6844],[-74.0194,40.6851],[-74.0202,40.6848],[-74.0205,40.6853],[-74.0171,40.6868],[-74.0167,40.6863],[-74.0151,40.6864],[-74.0166,40.6864],[-74.017,40.6869],[-74.016,40.6873],[-74.0149,40.6873],[-74.0132,40.6882],[-74.0123,40.6893],[-74.0122,40.6905],[-74.012,40.6906],[-74.0122,40.691],[-74.0118,40.6911],[-74.0125,40.6911],[-74.0126,40.6913],[-74.012,40.6915],[-74.0126,40.6914],[-74.0133,40.692],[-74.0125,40.6922],[-74.0119,40.6921],[-74.0118,40.6925],[-74.0123,40.6926],[-74.0125,40.6923],[-74.0134,40.6921],[-74.0142,40.6928],[-74.0152,40.693],[-74.0149,40.6931],[-74.0151,40.6932],[-74.0153,40.693],[-74.0152,40.6933],[-74.0154,40.6933],[-74.0154,40.6931],[-74.0167,40.6933]]],[[[-74.04,40.7009],[-74.0408,40.7003],[-74.0411,40.7005],[-74.043,40.699],[-74.0427,40.6988],[-74.0437,40.698],[-74.0417,40.6965],[-74.0399,40.6977],[-74.0417,40.6991],[-74.0412,40.6995],[-74.0393,40.6981],[-74.039,40.6984],[-74.0382,40.6984],[-74.0381,40.699],[-74.0377,40.6993],[-74.04,40.7009]]],[[[-73.9642,40.7466],[-73.9642,40.7469],[-73.9646,40.7465],[-73.9642,40.7466]]],[[[-73.9356,40.7719],[-73.9359,40.7717],[-73.9356,40.7716],[-73.9356,40.7719]]],[[[-73.9418,40.769],[-73.9411,40.7694],[-73.9403,40.7707],[-73.9402,40.773],[-73.9409,40.7724],[-73.9421,40.772],[-73.9447,40.7698],[-73.9452,40.7688],[-73.9456,40.7688],[-73.9457,40.7683],[-73.9491,40.7643],[-73.9509,40.7626],[-73.9521,40.7609],[-73.9534,40.7598],[-73.9585,40.7539],[-73.959,40.7536],[-73.96,40.7518],[-73.9611,40.7506],[-73.9615,40.7497],[-73.9613,40.7496],[-73.9579,40.7521],[-73.9525,40.7571],[-73.9518,40.7584],[-73.9494,40.7605],[-73.9429,40.7683],[-73.9418,40.769]]],[[[-73.938,40.7808],[-73.9381,40.7814],[-73.9387,40.781],[-73.9387,40.7805],[-73.9395,40.7799],[-73.9395,40.7795],[-73.9386,40.7803],[-73.9376,40.7805],[-73.9376,40.781],[-73.938,40.7808]]],[[[-73.9213,40.8009],[-73.9219,40.8015],[-73.9226,40.8019],[-73.9253,40.802],[-73.9258,40.8017],[-73.9265,40.8007],[-73.9269,40.8008],[-73.927,40.8007],[-73.9269,40.8008],[-73.9266,40.8006],[-73.9267,40.8002],[-73.9271,40.8006],[-73.9272,40.8004],[-73.9267,40.8001],[-73.9275,40.7981],[-73.9272,40.7974],[-73.9277,40.7973],[-73.9271,40.7972],[-73.9269,40.7955],[-73.9283,40.7929],[-73.9283,40.7923],[-73.9278,40.792],[-73.9271,40.7919],[-73.9279,40.791],[-73.9265,40.791],[-73.9264,40.7917],[-73.9267,40.7919],[-73.9256,40.7918],[-73.9266,40.7919],[-73.9262,40.7917],[-73.9261,40.7907],[-73.9281,40.7908],[-73.9297,40.7914],[-73.9308,40.791],[-73.9324,40.7897],[-73.9357,40.7857],[-73.9361,40.7842],[-73.935,40.783],[-73.9311,40.7824],[-73.9281,40.7809],[-73.9273,40.7811],[-73.9257,40.7822],[-73.9245,40.7823],[-73.9229,40.7836],[-73.9222,40.7855],[-73.9185,40.7894],[-73.9186,40.7897],[-73.9171,40.7905],[-73.9169,40.7904],[-73.9151,40.792],[-73.9138,40.7938],[-73.9138,40.7945],[-73.9144,40.7957],[-73.9155,40.7971],[-73.9166,40.7979],[-73.9203,40.7994],[-73.9213,40.8009]]],[[[-73.9264,40.8776],[-73.929,40.8757],[-73.93,40.8743],[-73.9319,40.8711],[-73.9322,40.8701],[-73.9321,40.8696],[-73.9321,40.8694],[-73.9324,40.8695],[-73.9324,40.8698],[-73.9325,40.8695],[-73.9322,40.8694],[-73.9326,40.869],[-73.9323,40.8687],[-73.9325,40.8687],[-73.9327,40.8685],[-73.9325,40.8687],[-73.9323,40.8686],[-73.9324,40.8676],[-73.9326,40.8673],[-73.9328,40.8674],[-73.9327,40.8672],[-73.934,40.865],[-73.9403,40.8566],[-73.9419,40.8539],[-73.9435,40.8523],[-73.9443,40.8518],[-73.9447,40.8519],[-73.9457,40.8512],[-73.9461,40.8512],[-73.9463,40.8508],[-73.9465,40.851],[-73.947,40.8505],[-73.9466,40.8489],[-73.9468,40.8471],[-73.9464,40.8462],[-73.9465,40.846],[-73.9462,40.8454],[-73.9461,40.8439],[-73.9484,40.8399],[-73.9502,40.8343],[-73.9512,40.8326],[-73.9545,40.8279],[-73.955,40.8274],[-73.9563,40.8279],[-73.9569,40.827],[-73.9573,40.8271],[-73.9596,40.8237],[-73.9581,40.823],[-73.9579,40.8228],[-73.9582,40.8223],[-73.9585,40.8218],[-73.959,40.8225],[-73.9589,40.8227],[-73.9596,40.823],[-73.9599,40.8226],[-73.9592,40.8223],[-73.959,40.8224],[-73.9588,40.8215],[-73.9591,40.8212],[-73.9591,40.8216],[-73.9594,40.8213],[-73.9591,40.8212],[-73.9598,40.8203],[-73.96,40.8204],[-73.9641,40.8158],[-73.9686,40.8091],[-73.9721,40.8045],[-73.9846,40.7866],[-73.9859,40.7865],[-73.9847,40.7865],[-73.985,40.786],[-73.9858,40.7862],[-73.9851,40.7859],[-73.9854,40.7854],[-73.9861,40.7862],[-73.9871,40.7852],[-73.9862,40.7861],[-73.9855,40.7854],[-73.9881,40.7817],[-73.9889,40.7799],[-73.9914,40.7798],[-73.9916,40.7796],[-73.9889,40.7797],[-73.9904,40.7776],[-73.9909,40.7776],[-73.9924,40.7756],[-73.9921,40.7755],[-73.9923,40.7751],[-73.9926,40.775],[-73.9939,40.7732],[-73.9962,40.774],[-73.9962,40.7738],[-73.9938,40.7729],[-73.9942,40.7725],[-73.9961,40.7733],[-73.9962,40.7731],[-73.9944,40.7724],[-73.9948,40.7719],[-73.9969,40.7728],[-73.9971,40.7725],[-73.995,40.7717],[-73.9949,40.7715],[-73.9953,40.7712],[-73.9959,40.7715],[-73.996,40.7713],[-73.9954,40.771],[-73.9963,40.7698],[-73.9988,40.7708],[-73.999,40.7705],[-73.9966,40.7694],[-73.9971,40.7687],[-73.9995,40.7698],[-73.9997,40.7695],[-73.9965,40.7681],[-73.9972,40.7671],[-74.0004,40.7685],[-74.0006,40.7682],[-73.9974,40.7668],[-73.9981,40.7659],[-74.0013,40.7673],[-74.0016,40.767],[-73.9983,40.7656],[-73.9987,40.7652],[-73.9989,40.7646],[-74.002,40.7659],[-74.0023,40.7656],[-73.9992,40.7642],[-73.9996,40.7636],[-73.9999,40.7634],[-74.0031,40.7647],[-74.0029,40.7646],[-74.0031,40.7643],[-74.001,40.7634],[-74.0014,40.7629],[-74.0036,40.7638],[-74.0038,40.7636],[-74.0015,40.7626],[-74.0022,40.7617],[-74.0044,40.7627],[-74.0046,40.7625],[-74.0023,40.7615],[-74.0028,40.7609],[-74.0031,40.7611],[-74.0039,40.76],[-74.0036,40.7598],[-74.0037,40.7597],[-74.0043,40.7599],[-74.0038,40.7595],[-74.0042,40.7595],[-74.0045,40.7591],[-74.0065,40.7599],[-74.007,40.7592],[-74.005,40.7584],[-74.0053,40.758],[-74.0048,40.7578],[-74.0077,40.7543],[-74.0084,40.7524],[-74.0087,40.7525],[-74.0088,40.7524],[-74.01,40.7529],[-74.0084,40.7522],[-74.0085,40.752],[-74.0093,40.7524],[-74.0085,40.7519],[-74.009,40.7506],[-74.0106,40.7513],[-74.0107,40.751],[-74.0091,40.7504],[-74.0093,40.75],[-74.0096,40.75],[-74.0099,40.7489],[-74.0111,40.749],[-74.0112,40.7487],[-74.0089,40.7484],[-74.0091,40.7478],[-74.0113,40.748],[-74.0114,40.7476],[-74.0091,40.7474],[-74.0092,40.7468],[-74.0115,40.747],[-74.0116,40.7466],[-74.0094,40.7463],[-74.0095,40.7458],[-74.0117,40.746],[-74.0118,40.7456],[-74.0118,40.7451],[-74.0117,40.7455],[-74.0112,40.7454],[-74.0114,40.7451],[-74.011,40.745],[-74.0111,40.7454],[-74.0105,40.7454],[-74.0108,40.745],[-74.0104,40.745],[-74.0105,40.7454],[-74.01,40.7453],[-74.0102,40.7449],[-74.0099,40.7449],[-74.0099,40.7453],[-74.0096,40.7453],[-74.0096,40.745],[-74.0087,40.7449],[-74.0089,40.7439],[-74.0094,40.744],[-74.0095,40.7437],[-74.012,40.7439],[-74.0121,40.7436],[-74.0096,40.7433],[-74.0096,40.743],[-74.0091,40.7429],[-74.0092,40.7423],[-74.0101,40.7426],[-74.0103,40.7424],[-74.0108,40.7426],[-74.0114,40.7418],[-74.0104,40.7414],[-74.0102,40.7416],[-74.0096,40.7414],[-74.0095,40.7407],[-74.0127,40.7407],[-74.0115,40.7406],[-74.0116,40.7393],[-74.0104,40.7392],[-74.0105,40.7384],[-74.0111,40.7384],[-74.0111,40.7381],[-74.0105,40.7381],[-74.0108,40.7343],[-74.012,40.7343],[-74.012,40.7341],[-74.0108,40.734],[-74.0107,40.7334],[-74.0109,40.7333],[-74.014,40.7333],[-74.014,40.7331],[-74.0109,40.733],[-74.0112,40.7305],[-74.014,40.7307],[-74.0144,40.7285],[-74.0114,40.7282],[-74.0115,40.7264],[-74.0151,40.7268],[-74.0152,40.7264],[-74.0117,40.7259],[-74.0125,40.7215],[-74.0136,40.7216],[-74.0131,40.7215],[-74.0132,40.7213],[-74.0156,40.7215],[-74.0157,40.7212],[-74.0129,40.7209],[-74.013,40.7203],[-74.0163,40.7207],[-74.0164,40.7204],[-74.0134,40.72],[-74.0135,40.7198],[-74.0129,40.7197],[-74.0131,40.7189],[-74.0132,40.7183],[-74.0167,40.7186],[-74.0177,40.7131],[-74.0176,40.7136],[-74.0163,40.7134],[-74.0166,40.7122],[-74.0178,40.7123],[-74.0178,40.7128],[-74.0189,40.708],[-74.0182,40.7078],[-74.0185,40.7069],[-74.0188,40.707],[-74.0186,40.7071],[-74.0191,40.707],[-74.0193,40.7061],[-74.0189,40.7047],[-74.0181,40.7046],[-74.0175,40.7047],[-74.0187,40.7044],[-74.0184,40.7042],[-74.0178,40.7042],[-74.0178,40.7039],[-74.0178,40.7042],[-74.0176,40.7042],[-74.0179,40.7035],[-74.0177,40.7036],[-74.0171,40.7027],[-74.0158,40.7013],[-74.0151,40.7008],[-74.015,40.701],[-74.0147,40.7008],[-74.0151,40.7003],[-74.0146,40.7008],[-74.0143,40.7007],[-74.0147,40.7002],[-74.0143,40.7006],[-74.0142,40.7001],[-74.014,40.701],[-74.0136,40.7009],[-74.0137,40.7001],[-74.0133,40.7005],[-74.0131,40.6998],[-74.0131,40.7005],[-74.0126,40.7001],[-74.0124,40.7006],[-74.012,40.7],[-74.0121,40.7007],[-74.0119,40.7007],[-74.0116,40.7005],[-74.0117,40.7008],[-74.0113,40.7006],[-74.0112,40.7009],[-74.0108,40.7002],[-74.0112,40.7015],[-74.0096,40.7018],[-74.0086,40.7006],[-74.0083,40.7007],[-74.0085,40.7009],[-74.0076,40.7013],[-74.0078,40.7015],[-74.0087,40.7011],[-74.0093,40.7019],[-74.0068,40.7036],[-74.0055,40.7024],[-74.0053,40.7026],[-74.0066,40.7037],[-74.0041,40.7051],[-74.0029,40.7041],[-74.0026,40.7042],[-74.0038,40.7053],[-74.0033,40.7056],[-74.0024,40.7047],[-74.002,40.7047],[-74.0026,40.7055],[-74.0021,40.7054],[-74.0015,40.7049],[-74.0006,40.7054],[-74.0014,40.7062],[-74.001,40.7064],[-74.0012,40.7069],[-73.9981,40.7085],[-73.9888,40.71],[-73.9884,40.7091],[-73.9812,40.7098],[-73.9813,40.7102],[-73.978,40.7106],[-73.9767,40.7115],[-73.9749,40.7151],[-73.9736,40.7186],[-73.9715,40.7274],[-73.9717,40.7274],[-73.9715,40.7292],[-73.972,40.73],[-73.9734,40.7313],[-73.9739,40.7331],[-73.9737,40.7332],[-73.974,40.7334],[-73.9744,40.7353],[-73.9735,40.7349],[-73.9733,40.7352],[-73.9729,40.7351],[-73.9728,40.7355],[-73.9729,40.7356],[-73.9731,40.7352],[-73.9745,40.7357],[-73.9742,40.7358],[-73.9745,40.7359],[-73.9745,40.736],[-73.9741,40.736],[-73.9745,40.7361],[-73.9745,40.7363],[-73.974,40.7361],[-73.9744,40.7364],[-73.9729,40.7358],[-73.9725,40.7358],[-73.9727,40.7392],[-73.9722,40.7403],[-73.9719,40.7427],[-73.9714,40.7438],[-73.9712,40.7441],[-73.9707,40.744],[-73.9711,40.7442],[-73.9709,40.7445],[-73.9689,40.7465],[-73.9622,40.7545],[-73.9607,40.7559],[-73.9592,40.7579],[-73.9544,40.7622],[-73.9487,40.7689],[-73.9429,40.7747],[-73.942,40.7762],[-73.9421,40.7769],[-73.9424,40.7773],[-73.9421,40.7773],[-73.9423,40.7778],[-73.9423,40.7773],[-73.9425,40.7774],[-73.943,40.7789],[-73.9427,40.7793],[-73.9421,40.7794],[-73.9424,40.78],[-73.9434,40.7798],[-73.9436,40.7802],[-73.9439,40.7815],[-73.9432,40.7833],[-73.9398,40.7853],[-73.9381,40.7872],[-73.9371,40.7892],[-73.9362,40.7888],[-73.9361,40.7889],[-73.9371,40.7894],[-73.9358,40.7911],[-73.9335,40.7928],[-73.9302,40.7946],[-73.9293,40.7959],[-73.929,40.7968],[-73.929,40.8011],[-73.9303,40.8038],[-73.9336,40.8076],[-73.9343,40.8096],[-73.9339,40.8142],[-73.9338,40.8197],[-73.9352,40.8327],[-73.9349,40.8352],[-73.9309,40.8425],[-73.9297,40.8452],[-73.9244,40.8528],[-73.9215,40.8566],[-73.9217,40.8567],[-73.9223,40.8557],[-73.9224,40.8566],[-73.9211,40.8576],[-73.9209,40.8582],[-73.9213,40.8589],[-73.9219,40.8592],[-73.9216,40.8601],[-73.9213,40.8602],[-73.9205,40.8591],[-73.9195,40.8588],[-73.9173,40.8617],[-73.9154,40.8631],[-73.9152,40.8639],[-73.9159,40.8643],[-73.9151,40.8644],[-73.9144,40.8642],[-73.9149,40.8646],[-73.9139,40.8647],[-73.9125,40.8665],[-73.9127,40.8666],[-73.9111,40.869],[-73.9115,40.8695],[-73.9109,40.8694],[-73.9104,40.8715],[-73.9106,40.8723],[-73.9114,40.8732],[-73.9126,40.8738],[-73.9152,40.8745],[-73.9164,40.8745],[-73.9179,40.8739],[-73.9176,40.8745],[-73.9186,40.8735],[-73.9184,40.8732],[-73.9189,40.8733],[-73.9193,40.8737],[-73.9189,40.8747],[-73.9208,40.8755],[-73.9212,40.8751],[-73.9208,40.8742],[-73.9198,40.8736],[-73.9206,40.873],[-73.9213,40.8731],[-73.9221,40.8736],[-73.9226,40.8744],[-73.9224,40.8768],[-73.9233,40.8773],[-73.9246,40.8774],[-73.9262,40.8771],[-73.9265,40.8773],[-73.9264,40.8776]]],[[[-73.9075,40.8735],[-73.9067,40.8758],[-73.9068,40.8766],[-73.907,40.8769],[-73.9077,40.8774],[-73.9095,40.8788],[-73.9103,40.879],[-73.9115,40.879],[-73.9121,40.8781],[-73.9148,40.8767],[-73.9158,40.8757],[-73.9109,40.8741],[-73.9097,40.8732],[-73.9089,40.8722],[-73.9085,40.8726],[-73.9077,40.8728],[-73.9075,40.8735]]]]},"properties":{"borocode":"1","boroname":"Manhattan","shape_area":"636631537.285","shape_leng":"359537.906171"}},
{"type":"Feature","geometry":{"type":"MultiPolygon","coordinates":[[[[-73.8729,40.786],[-73.8716,40.7868],[-73.8708,40.788],[-73.8712,40.79],[-73.8722,40.791],[-73.8749,40.7923],[-73.8758,40.7932],[-73.878,40.7944],[-73.8798,40.7949],[-73.8821,40.7952],[-73.8832,40.7955],[-73.8837,40.796],[-73.8838,40.7957],[-73.8871,40.7983],[-73.8882,40.7982],[-73.8882,40.7987],[-73.889,40.7988],[-73.8885,40.7986],[-73.8883,40.7982],[-73.8889,40.7979],[-73.8902,40.798],[-73.8906,40.7978],[-73.8908,40.798],[-73.8906,40.7977],[-73.8909,40.7978],[-73.8907,40.7977],[-73.8918,40.7968],[-73.8928,40.7928],[-73.8922,40.7904],[-73.8916,40.7902],[-73.8908,40.7902],[-73.8903,40.7899],[-73.8891,40.7874],[-73.8877,40.7869],[-73.8854,40.7867],[-73.8783,40.7854],[-73.8765,40.7858],[-73.8735,40.7858],[-73.8729,40.786]]],[[[-73.9089,40.8722],[-73.9086,40.8714],[-73.9095,40.8688],[-73.9104,40.8665],[-73.9127,40.864],[-73.9125,40.8638],[-73.9128,40.8639],[-73.9123,40.8636],[-73.9128,40.863],[-73.9134,40.8634],[-73.9172,40.8589],[-73.9178,40.8587],[-73.9196,40.8568],[-73.9205,40.8557],[-73.9203,40.8552],[-73.9208,40.8554],[-73.9215,40.8545],[-73.9213,40.8543],[-73.9215,40.8541],[-73.9217,40.8542],[-73.9226,40.8532],[-73.9247,40.8498],[-73.9268,40.8473],[-73.9286,40.8447],[-73.9305,40.8399],[-73.9327,40.8365],[-73.9331,40.8352],[-73.9336,40.8328],[-73.9327,40.8245],[-73.9323,40.8176],[-73.9326,40.8109],[-73.9329,40.8101],[-73.9326,40.8101],[-73.9323,40.8084],[-73.9305,40.8066],[-73.9287,40.8041],[-73.9283,40.8042],[-73.9276,40.804],[-73.9273,40.8035],[-73.9276,40.8027],[-73.9267,40.8024],[-73.9242,40.8025],[-73.9229,40.8024],[-73.9213,40.8013],[-73.9202,40.7996],[-73.919,40.799],[-73.9137,40.7968],[-73.9117,40.7966],[-73.9083,40.799],[-73.9084,40.7994],[-73.908,40.7992],[-73.9081,40.7995],[-73.9077,40.7994],[-73.9081,40.7996],[-73.9068,40.8009],[-73.9045,40.8032],[-73.9027,40.8042],[-73.9029,40.8042],[-73.9023,40.8046],[-73.9022,40.8049],[-73.902,40.8048],[-73.901,40.8049],[-73.8985,40.8054],[-73.8981,40.8057],[-73.8982,40.8061],[-73.8979,40.8055],[-73.898,40.8062],[-73.8977,40.806],[-73.8976,40.8062],[-73.8974,40.8058],[-73.8975,40.8062],[-73.8973,40.806],[-73.8962,40.8062],[-73.8961,40.8065],[-73.8959,40.8058],[-73.896,40.8065],[-73.8957,40.8063],[-73.8956,40.8066],[-73.8953,40.8058],[-73.8955,40.8066],[-73.8951,40.8069],[-73.8948,40.8057],[-73.8949,40.8062],[-73.8947,40.806],[-73.8946,40.8062],[-73.8927,40.8063],[-73.8926,40.8056],[-73.8923,40.8057],[-73.8922,40.8053],[-73.8917,40.805],[-73.8913,40.805],[-73.8922,40.8053],[-73.8923,40.8057],[-73.8925,40.8057],[-73.8927,40.8063],[-73.892,40.8064],[-73.8918,40.8056],[-73.8914,40.8057],[-73.8915,40.8059],[-73.8901,40.8057],[-73.8894,40.8059],[-73.8901,40.805],[-73.8892,40.8058],[-73.8894,40.8054],[-73.8891,40.805],[-73.8886,40.8048],[-73.888,40.805],[-73.8873,40.8039],[-73.8851,40.8021],[-73.8837,40.8019],[-73.884,40.802],[-73.8837,40.8022],[-73.8789,40.8028],[-73.8782,40.8026],[-73.8781,40.8013],[-73.8759,40.8011],[-73.8759,40.8015],[-73.8753,40.8014],[-73.8747,40.8013],[-73.8747,40.801],[-73.8736,40.8009],[-73.8717,40.8015],[-73.8685,40.8059],[-73.8681,40.8068],[-73.8706,40.8112],[-73.8706,40.8121],[-73.871,40.8121],[-73.8724,40.814],[-73.8767,40.8154],[-73.8765,40.8161],[-73.8717,40.8149],[-73.8708,40.8145],[-73.8677,40.8106],[-73.8607,40.8096],[-73.8598,40.8091],[-73.8594,40.8082],[-73.8593,40.809],[-73.8601,40.8096],[-73.8591,40.81],[-73.859,40.8103],[-73.8584,40.8083],[-73.8587,40.8068],[-73.8592,40.8069],[-73.8594,40.8075],[-73.8592,40.8063],[-73.8589,40.806],[-73.8591,40.8065],[-73.8586,40.8067],[-73.8583,40.806],[-73.8585,40.8058],[-73.8589,40.8059],[-73.8568,40.8049],[-73.8567,40.805],[-73.8572,40.8053],[-73.8557,40.8051],[-73.8557,40.8047],[-73.8566,40.8049],[-73.8561,40.8046],[-73.8506,40.8045],[-73.8501,40.8045],[-73.8498,40.8051],[-73.8494,40.8051],[-73.8494,40.8047],[-73.8493,40.8051],[-73.8486,40.8047],[-73.8481,40.8049],[-73.8475,40.8053],[-73.8475,40.8059],[-73.8484,40.8064],[-73.8484,40.8074],[-73.8495,40.8081],[-73.8487,40.8082],[-73.8496,40.8081],[-73.85,40.8086],[-73.8496,40.8087],[-73.85,40.8087],[-73.8497,40.8089],[-73.85,40.8089],[-73.85,40.8092],[-73.8492,40.8109],[-73.8494,40.8113],[-73.8491,40.8123],[-73.8512,40.8136],[-73.8526,40.8137],[-73.8535,40.8135],[-73.8544,40.8137],[-73.8554,40.8143],[-73.8551,40.8144],[-73.8534,40.8136],[-73.8529,40.8137],[-73.853,40.8139],[-73.8526,40.8141],[-73.853,40.8146],[-73.8506,40.8139],[-73.8504,40.8136],[-73.8494,40.8132],[-73.8482,40.8125],[-73.8472,40.8106],[-73.8462,40.8107],[-73.8458,40.8116],[-73.8452,40.8119],[-73.8437,40.8153],[-73.8421,40.8181],[-73.842,40.8188],[-73.84,40.8199],[-73.8398,40.8216],[-73.84,40.8222],[-73.8425,40.8275],[-73.8431,40.8298],[-73.8422,40.8316],[-73.8402,40.833],[-73.8396,40.834],[-73.8395,40.835],[-73.8398,40.8356],[-73.8398,40.8358],[-73.8396,40.8357],[-73.8398,40.8363],[-73.8398,40.8361],[-73.8398,40.8379],[-73.8403,40.8395],[-73.8397,40.8396],[-73.8396,40.8388],[-73.8392,40.8387],[-73.8389,40.8337],[-73.8419,40.8307],[-73.8423,40.8291],[-73.8422,40.8283],[-73.8401,40.8243],[-73.8397,40.8241],[-73.8395,40.823],[-73.839,40.8227],[-73.8389,40.8221],[-73.8391,40.8198],[-73.8387,40.8196],[-73.8389,40.819],[-73.8401,40.8178],[-73.8402,40.8172],[-73.8395,40.8158],[-73.8396,40.8145],[-73.8404,40.8125],[-73.8403,40.8114],[-73.8382,40.8082],[-73.8381,40.807],[-73.8374,40.8062],[-73.8343,40.8052],[-73.8316,40.8049],[-73.8314,40.8052],[-73.8316,40.8066],[-73.8321,40.8073],[-73.8322,40.8082],[-73.8316,40.8096],[-73.8302,40.8108],[-73.828,40.8115],[-73.8262,40.8113],[-73.826,40.8115],[-73.8258,40.8112],[-73.8258,40.8115],[-73.8255,40.811],[-73.8257,40.8116],[-73.8254,40.811],[-73.8257,40.8116],[-73.8252,40.8112],[-73.8255,40.8117],[-73.8253,40.8118],[-73.8249,40.8113],[-73.8252,40.8118],[-73.8248,40.8114],[-73.8251,40.8118],[-73.8241,40.8122],[-73.8223,40.8127],[-73.8222,40.8124],[-73.8223,40.8127],[-73.8206,40.813],[-73.8204,40.8127],[-73.8211,40.8124],[-73.8204,40.8126],[-73.8203,40.8124],[-73.8211,40.8122],[-73.8202,40.8124],[-73.8206,40.813],[-73.8201,40.8129],[-73.8198,40.8132],[-73.818,40.8135],[-73.818,40.8133],[-73.8179,40.8135],[-73.8174,40.8136],[-73.8174,40.8134],[-73.8174,40.8136],[-73.8162,40.8138],[-73.8157,40.8135],[-73.8145,40.8135],[-73.8145,40.8129],[-73.8144,40.8135],[-73.814,40.8136],[-73.8108,40.8128],[-73.8104,40.813],[-73.8099,40.8129],[-73.8082,40.8119],[-73.8071,40.8107],[-73.8047,40.8092],[-73.8039,40.8085],[-73.8028,40.8091],[-73.8016,40.809],[-73.7979,40.8067],[-73.7964,40.8063],[-73.7965,40.8061],[-73.7962,40.806],[-73.7958,40.8062],[-73.7934,40.8042],[-73.7922,40.804],[-73.791,40.8043],[-73.7903,40.8048],[-73.7901,40.8058],[-73.7907,40.8066],[-73.7909,40.8073],[-73.7915,40.8075],[-73.7914,40.807],[-73.7923,40.8068],[-73.7985,40.8096],[-73.8001,40.8097],[-73.8015,40.8101],[-73.801,40.8107],[-73.8014,40.8107],[-73.8024,40.81],[-73.8039,40.8121],[-73.8048,40.812],[-73.805,40.8122],[-73.8054,40.8134],[-73.8055,40.8147],[-73.8066,40.8156],[-73.8064,40.8157],[-73.8066,40.8157],[-73.807,40.8165],[-73.8065,40.8159],[-73.8069,40.8166],[-73.8066,40.8167],[-73.8063,40.8161],[-73.8061,40.8159],[-73.8053,40.8154],[-73.8046,40.8146],[-73.8047,40.8145],[-73.8046,40.8146],[-73.8051,40.8152],[-73.8054,40.8155],[-73.8061,40.816],[-73.8066,40.8166],[-73.8047,40.8152],[-73.8044,40.8146],[-73.8035,40.814],[-73.8032,40.8134],[-73.8045,40.8143],[-73.8033,40.8132],[-73.8036,40.813],[-73.8042,40.8137],[-73.8044,40.8136],[-73.8042,40.8136],[-73.8036,40.813],[-73.8038,40.8128],[-73.8035,40.8129],[-73.8036,40.8125],[-73.8031,40.8125],[-73.8018,40.8129],[-73.8013,40.8124],[-73.8017,40.8129],[-73.8009,40.8138],[-73.8001,40.814],[-73.799,40.8155],[-73.7986,40.8155],[-73.7981,40.8157],[-73.7977,40.8155],[-73.7974,40.8158],[-73.7976,40.8165],[-73.8003,40.8176],[-73.8007,40.818],[-73.8021,40.8186],[-73.8025,40.8185],[-73.8027,40.8182],[-73.8035,40.8183],[-73.8046,40.819],[-73.8057,40.8202],[-73.806,40.8208],[-73.8058,40.8218],[-73.8062,40.8227],[-73.806,40.8229],[-73.8064,40.8229],[-73.8065,40.8232],[-73.8062,40.8233],[-73.8067,40.8234],[-73.8065,40.8238],[-73.8068,40.8238],[-73.8065,40.8242],[-73.8068,40.8244],[-73.8066,40.8246],[-73.807,40.8254],[-73.8077,40.8259],[-73.8091,40.8259],[-73.8097,40.8253],[-73.8108,40.8249],[-73.8109,40.8251],[-73.811,40.8247],[-73.8116,40.8246],[-73.8118,40.8243],[-73.8123,40.8244],[-73.8127,40.8248],[-73.8128,40.8243],[-73.8133,40.824],[-73.8139,40.8241],[-73.814,40.8245],[-73.8131,40.8249],[-73.8133,40.8252],[-73.8121,40.8256],[-73.8133,40.8252],[-73.8138,40.8253],[-73.8139,40.8257],[-73.8134,40.8259],[-73.814,40.8257],[-73.814,40.8261],[-73.8129,40.8264],[-73.8137,40.8263],[-73.8138,40.8268],[-73.8127,40.8276],[-73.8126,40.8278],[-73.8116,40.828],[-73.8111,40.8278],[-73.8118,40.8278],[-73.81,40.8278],[-73.811,40.8278],[-73.8111,40.828],[-73.8101,40.8278],[-73.8099,40.8282],[-73.8128,40.8282],[-73.8128,40.8286],[-73.8132,40.8288],[-73.8129,40.829],[-73.8134,40.829],[-73.8134,40.8294],[-73.8139,40.8298],[-73.8137,40.8299],[-73.8143,40.8304],[-73.8139,40.8306],[-73.8143,40.8304],[-73.8145,40.8306],[-73.8139,40.8309],[-73.8145,40.8306],[-73.8148,40.831],[-73.8145,40.8312],[-73.8149,40.831],[-73.816,40.8342],[-73.8157,40.8345],[-73.8161,40.8346],[-73.8161,40.8354],[-73.8156,40.8355],[-73.816,40.8355],[-73.8161,40.8358],[-73.8155,40.836],[-73.8161,40.836],[-73.8165,40.8377],[-73.816,40.8385],[-73.8148,40.8391],[-73.8147,40.8396],[-73.8143,40.8396],[-73.8147,40.8396],[-73.8148,40.8398],[-73.8144,40.8399],[-73.8148,40.8398],[-73.8152,40.841],[-73.8147,40.8414],[-73.8153,40.8413],[-73.8156,40.8418],[-73.8154,40.8424],[-73.8157,40.8425],[-73.8152,40.8426],[-73.8157,40.8425],[-73.8166,40.8439],[-73.8172,40.8439],[-73.8177,40.8443],[-73.8182,40.8441],[-73.8182,40.8443],[-73.8175,40.8444],[-73.8164,40.8441],[-73.8163,40.8444],[-73.8157,40.8444],[-73.815,40.8435],[-73.8135,40.8437],[-73.8135,40.8443],[-73.8142,40.8447],[-73.8137,40.8448],[-73.8142,40.8448],[-73.8137,40.8451],[-73.8125,40.845],[-73.8126,40.8447],[-73.8131,40.8448],[-73.8126,40.8447],[-73.813,40.8445],[-73.8127,40.8442],[-73.8117,40.8467],[-73.8124,40.8467],[-73.8119,40.8466],[-73.8125,40.845],[-73.8129,40.8451],[-73.8126,40.8451],[-73.8128,40.8452],[-73.8123,40.8465],[-73.8129,40.8452],[-73.8132,40.8452],[-73.8129,40.8451],[-73.8132,40.8452],[-73.8128,40.8463],[-73.8133,40.8452],[-73.8136,40.8453],[-73.8132,40.8459],[-73.8136,40.8453],[-73.8139,40.8455],[-73.8137,40.8457],[-73.814,40.8456],[-73.8132,40.8462],[-73.8151,40.8456],[-73.8144,40.8462],[-73.8149,40.8465],[-73.8136,40.8472],[-73.8137,40.8473],[-73.8149,40.8465],[-73.8157,40.8463],[-73.8145,40.8471],[-73.8146,40.8472],[-73.8157,40.8463],[-73.8161,40.8464],[-73.8161,40.8475],[-73.8156,40.8477],[-73.8159,40.848],[-73.8151,40.8492],[-73.8155,40.8492],[-73.8163,40.8502],[-73.8157,40.8508],[-73.8169,40.851],[-73.8171,40.8513],[-73.8169,40.8517],[-73.8172,40.8518],[-73.8164,40.8541],[-73.8123,40.8542],[-73.8127,40.8589],[-73.8138,40.8605],[-73.8149,40.8609],[-73.8148,40.8611],[-73.8155,40.861],[-73.8164,40.8612],[-73.8151,40.8631],[-73.8144,40.8633],[-73.814,40.8641],[-73.814,40.8639],[-73.8137,40.8639],[-73.8133,40.8632],[-73.8109,40.8623],[-73.8094,40.8605],[-73.8082,40.8595],[-73.8074,40.8601],[-73.8066,40.8598],[-73.8058,40.86],[-73.8062,40.8616],[-73.8056,40.8619],[-73.8048,40.8616],[-73.8035,40.8556],[-73.8045,40.8549],[-73.8042,40.8533],[-73.8021,40.8506],[-73.8016,40.8491],[-73.8011,40.8484],[-73.8005,40.8481],[-73.8002,40.8482],[-73.7993,40.8499],[-73.7982,40.8506],[-73.7978,40.8519],[-73.798,40.853],[-73.7986,40.8534],[-73.799,40.854],[-73.7987,40.8549],[-73.798,40.8548],[-73.7969,40.8563],[-73.7943,40.8566],[-73.7949,40.8581],[-73.7946,40.8589],[-73.7936,40.8605],[-73.7919,40.8611],[-73.7915,40.8623],[-73.792,40.8634],[-73.7922,40.8648],[-73.792,40.8663],[-73.7915,40.8673],[-73.7903,40.8685],[-73.7886,40.8692],[-73.786,40.8693],[-73.7856,40.8692],[-73.7856,40.8683],[-73.7849,40.8695],[-73.7835,40.8704],[-73.7832,40.8709],[-73.7831,40.8722],[-73.7837,40.8725],[-73.784,40.8729],[-73.7834,40.8733],[-73.7834,40.8737],[-73.784,40.8738],[-73.7852,40.8716],[-73.7855,40.872],[-73.7855,40.8725],[-73.7851,40.8736],[-73.7862,40.8724],[-73.7871,40.8728],[-73.7869,40.874],[-73.7861,40.8744],[-73.786,40.8751],[-73.7857,40.8754],[-73.7854,40.8753],[-73.7847,40.8761],[-73.7848,40.8769],[-73.7845,40.8769],[-73.7842,40.8783],[-73.7844,40.8785],[-73.7852,40.8786],[-73.7861,40.8791],[-73.7883,40.8789],[-73.7895,40.879],[-73.7901,40.8796],[-73.7891,40.8801],[-73.7893,40.8806],[-73.7891,40.8813],[-73.7908,40.8808],[-73.7906,40.8804],[-73.791,40.8801],[-73.7917,40.8801],[-73.7922,40.8796],[-73.7929,40.8796],[-73.793,40.8791],[-73.7938,40.8786],[-73.7944,40.8776],[-73.7942,40.8774],[-73.7932,40.8771],[-73.7936,40.8767],[-73.794,40.8746],[-73.7948,40.8732],[-73.7977,40.8723],[-73.8,40.8689],[-73.8007,40.8681],[-73.8018,40.8664],[-73.8018,40.8659],[-73.8027,40.8657],[-73.8031,40.8661],[-73.8029,40.867],[-73.8039,40.8672],[-73.8047,40.8667],[-73.8049,40.8682],[-73.8063,40.8684],[-73.8067,40.8687],[-73.8066,40.8689],[-73.8069,40.8689],[-73.8067,40.8695],[-73.8079,40.8697],[-73.8087,40.8691],[-73.8075,40.8704],[-73.8087,40.8704],[-73.8084,40.8709],[-73.8092,40.8712],[-73.8087,40.8713],[-73.808,40.871],[-73.8079,40.8711],[-73.8079,40.8709],[-73.8067,40.8704],[-73.8057,40.8696],[-73.8059,40.8689],[-73.805,40.8691],[-73.8045,40.8687],[-73.8041,40.8687],[-73.8039,40.869],[-73.8036,40.8688],[-73.8034,40.869],[-73.803,40.8687],[-73.8026,40.8693],[-73.8027,40.8702],[-73.8021,40.8704],[-73.8021,40.8708],[-73.8018,40.8711],[-73.8008,40.8715],[-73.7998,40.8742],[-73.7989,40.8746],[-73.7986,40.8744],[-73.7974,40.8751],[-73.7971,40.8762],[-73.7963,40.877],[-73.795,40.8797],[-73.7955,40.8807],[-73.7949,40.8805],[-73.793,40.8834],[-73.8183,40.8898],[-73.8229,40.8912],[-73.8234,40.891],[-73.8234,40.8899],[-73.8226,40.8898],[-73.8225,40.8894],[-73.8353,40.8934],[-73.838,40.8941],[-73.8384,40.8941],[-73.8396,40.8973],[-73.8392,40.8994],[-73.8408,40.9016],[-73.8414,40.9042],[-73.8449,40.9042],[-73.8448,40.9055],[-73.8471,40.9062],[-73.8502,40.9075],[-73.8509,40.9066],[-73.8535,40.9075],[-73.8511,40.9104],[-73.8514,40.9104],[-73.8523,40.9099],[-73.8527,40.91],[-73.8526,40.9103],[-73.853,40.9104],[-73.8546,40.9089],[-73.8549,40.9084],[-73.8547,40.908],[-73.8538,40.908],[-73.8537,40.9078],[-73.8542,40.907],[-73.8551,40.9069],[-73.8558,40.9063],[-73.8568,40.9062],[-73.8569,40.906],[-73.856,40.9053],[-73.8567,40.9051],[-73.8572,40.9053],[-73.8574,40.9048],[-73.857,40.9046],[-73.8571,40.9036],[-73.8576,40.9029],[-73.858,40.9029],[-73.8582,40.9023],[-73.8587,40.9023],[-73.8593,40.9027],[-73.8596,40.9024],[-73.8595,40.9019],[-73.8589,40.9017],[-73.859,40.9014],[-73.8594,40.9016],[-73.8591,40.901],[-73.8595,40.9005],[-73.8973,40.9117],[-73.9025,40.913],[-73.9103,40.9155],[-73.9117,40.9134],[-73.9115,40.9122],[-73.9126,40.9081],[-73.9131,40.9078],[-73.9129,40.9075],[-73.9142,40.9041],[-73.9146,40.9041],[-73.915,40.9031],[-73.9154,40.9018],[-73.9152,40.9016],[-73.9204,40.8876],[-73.9238,40.8803],[-73.9249,40.8789],[-73.9245,40.8791],[-73.9236,40.879],[-73.9229,40.879],[-73.9221,40.8786],[-73.9198,40.8764],[-73.9178,40.8757],[-73.9158,40.8757],[-73.9148,40.8767],[-73.9121,40.8781],[-73.9115,40.879],[-73.9103,40.879],[-73.9095,40.8788],[-73.9077,40.8774],[-73.907,40.8769],[-73.9068,40.8766],[-73.9067,40.8758],[-73.9075,40.8735],[-73.9077,40.8728],[-73.9085,40.8726],[-73.9089,40.8722]]],[[[-73.8968,40.7958],[-73.8968,40.7963],[-73.8971,40.7968],[-73.8979,40.7971],[-73.8992,40.7965],[-73.898,40.7956],[-73.8969,40.7956],[-73.8968,40.7958]]],[[[-73.8983,40.8024],[-73.8994,40.8019],[-73.8995,40.8009],[-73.9,40.8009],[-73.8997,40.8008],[-73.8998,40.7995],[-73.9002,40.7993],[-73.8986,40.7991],[-73.8965,40.8008],[-73.8983,40.8024]]],[[[-73.7883,40.8347],[-73.7885,40.8353],[-73.7895,40.8354],[-73.7893,40.8345],[-73.7883,40.8347]]],[[[-73.8022,40.8416],[-73.8037,40.8423],[-73.8039,40.8426],[-73.8068,40.8425],[-73.8069,40.8415],[-73.8053,40.8411],[-73.8026,40.8411],[-73.8022,40.8416]]],[[[-73.7807,40.8549],[-73.7807,40.8553],[-73.7811,40.8555],[-73.7812,40.8551],[-73.7807,40.8549]]],[[[-73.7829,40.8555],[-73.7833,40.8558],[-73.7839,40.8548],[-73.7826,40.8548],[-73.7829,40.8555]]],[[[-73.7892,40.8587],[-73.79,40.8585],[-73.7902,40.8586],[-73.7902,40.8582],[-73.7909,40.8576],[-73.7916,40.8579],[-73.7914,40.8582],[-73.7918,40.8578],[-73.7916,40.8579],[-73.7909,40.8576],[-73.7913,40.8573],[-73.7916,40.8574],[-73.7918,40.857],[-73.7921,40.8572],[-73.7917,40.8574],[-73.7924,40.8578],[-73.7926,40.8576],[-73.7919,40.8574],[-73.7921,40.8572],[-73.7927,40.8574],[-73.7919,40.857],[-73.7929,40.8575],[-73.793,40.857],[-73.7928,40.8574],[-73.7922,40.8572],[-73.7924,40.8569],[-73.7922,40.8571],[-73.7917,40.8569],[-73.7919,40.8566],[-73.7931,40.8567],[-73.7919,40.8565],[-73.792,40.8562],[-73.7926,40.8563],[-73.792,40.8562],[-73.7925,40.8558],[-73.7921,40.8556],[-73.7913,40.8546],[-73.7919,40.8542],[-73.7918,40.854],[-73.7926,40.854],[-73.7925,40.8538],[-73.7911,40.8539],[-73.7925,40.8536],[-73.7911,40.8539],[-73.793,40.8534],[-73.7929,40.8529],[-73.793,40.8533],[-73.7926,40.8534],[-73.7924,40.8531],[-73.7925,40.8534],[-73.7913,40.8537],[-73.7911,40.8533],[-73.7908,40.8532],[-73.7929,40.8527],[-73.7928,40.8525],[-73.7928,40.8527],[-73.7925,40.8528],[-73.7924,40.8526],[-73.7923,40.8528],[-73.7922,40.8526],[-73.792,40.8529],[-73.7919,40.8527],[-73.792,40.8529],[-73.7917,40.8528],[-73.7915,40.853],[-73.7914,40.8528],[-73.7915,40.853],[-73.791,40.8531],[-73.7905,40.8532],[-73.7904,40.853],[-73.7914,40.8528],[-73.7914,40.8526],[-73.7934,40.8521],[-73.7935,40.8523],[-73.7934,40.852],[-73.7914,40.8526],[-73.7912,40.8523],[-73.7932,40.8519],[-73.7931,40.8516],[-73.7932,40.8518],[-73.7912,40.8523],[-73.7911,40.8521],[-73.7902,40.8523],[-73.7921,40.8518],[-73.7918,40.8519],[-73.7918,40.8518],[-73.7925,40.8515],[-73.7917,40.8518],[-73.7918,40.8519],[-73.7915,40.8519],[-73.7915,40.8517],[-73.7913,40.8518],[-73.7915,40.8519],[-73.7912,40.852],[-73.791,40.8519],[-73.7909,40.8521],[-73.7908,40.8519],[-73.7906,40.8519],[-73.7908,40.8521],[-73.7905,40.852],[-73.7905,40.8522],[-73.7903,40.8522],[-73.7902,40.852],[-73.7902,40.8523],[-73.7901,40.852],[-73.7905,40.8518],[-73.7902,40.8518],[-73.7909,40.8515],[-73.7897,40.8517],[-73.7897,40.8515],[-73.791,40.8513],[-73.7903,40.8512],[-73.7901,40.8514],[-73.79,40.8513],[-73.7901,40.8514],[-73.7896,40.8515],[-73.7895,40.8513],[-73.7901,40.8512],[-73.7903,40.851],[-73.7899,40.8505],[-73.7904,40.8501],[-73.79,40.8503],[-73.7899,40.85],[-73.791,40.8498],[-73.7899,40.85],[-73.7898,40.8495],[-73.791,40.849],[-73.7913,40.8481],[-73.7916,40.8481],[-73.7913,40.8481],[-73.7913,40.8476],[-73.7919,40.8473],[-73.7914,40.8473],[-73.7914,40.8469],[-73.7918,40.8467],[-73.7915,40.8468],[-73.7912,40.8466],[-73.7911,40.8464],[-73.7915,40.8463],[-73.791,40.8464],[-73.7907,40.8458],[-73.791,40.8457],[-73.7907,40.8457],[-73.7895,40.8443],[-73.7893,40.8437],[-73.7898,40.8436],[-73.7899,40.8434],[-73.7897,40.8434],[-73.7899,40.8433],[-73.79,40.8433],[-73.7899,40.843],[-73.7899,40.8432],[-73.7896,40.8431],[-73.7891,40.8432],[-73.7885,40.8424],[-73.7888,40.8424],[-73.7884,40.8424],[-73.7881,40.8419],[-73.7883,40.8418],[-73.788,40.8418],[-73.7884,40.8415],[-73.7878,40.8415],[-73.7876,40.8412],[-73.7879,40.8411],[-73.7875,40.8409],[-73.7883,40.8407],[-73.7882,40.8405],[-73.7882,40.8407],[-73.7875,40.8408],[-73.7874,40.8397],[-73.7865,40.8397],[-73.7857,40.8392],[-73.7856,40.8379],[-73.7852,40.8375],[-73.7858,40.8372],[-73.7856,40.8371],[-73.7849,40.8375],[-73.7845,40.8371],[-73.7851,40.8369],[-73.785,40.8367],[-73.7845,40.837],[-73.7841,40.8367],[-73.7834,40.8369],[-73.7828,40.8363],[-73.7829,40.8373],[-73.7827,40.8375],[-73.7824,40.8373],[-73.7819,40.8377],[-73.782,40.838],[-73.7811,40.8395],[-73.7813,40.8395],[-73.7812,40.8397],[-73.7815,40.8402],[-73.7813,40.8403],[-73.7815,40.8404],[-73.7816,40.8409],[-73.7814,40.841],[-73.7816,40.841],[-73.7814,40.841],[-73.7816,40.8411],[-73.7808,40.8413],[-73.7809,40.8416],[-73.7808,40.8413],[-73.7817,40.8411],[-73.7819,40.8417],[-73.7802,40.842],[-73.7804,40.8425],[-73.7803,40.8421],[-73.7807,40.8422],[-73.7807,40.842],[-73.7813,40.842],[-73.7813,40.8418],[-73.7822,40.8417],[-73.782,40.8418],[-73.7823,40.8419],[-73.7814,40.8421],[-73.7823,40.8419],[-73.7823,40.8422],[-73.7816,40.8423],[-73.7823,40.8422],[-73.7822,40.8424],[-73.7824,40.8424],[-73.7806,40.8428],[-73.7829,40.8425],[-73.7802,40.8429],[-73.7802,40.8438],[-73.7803,40.843],[-73.7806,40.8429],[-73.7808,40.8435],[-73.7807,40.8429],[-73.7812,40.8428],[-73.7814,40.8434],[-73.7812,40.8428],[-73.7818,40.8427],[-73.7819,40.8432],[-73.7818,40.8427],[-73.7823,40.8426],[-73.7824,40.843],[-73.7823,40.8426],[-73.7827,40.8425],[-73.7828,40.8428],[-73.7829,40.8425],[-73.7835,40.8437],[-73.783,40.8438],[-73.7828,40.8439],[-73.7828,40.8438],[-73.7831,40.8437],[-73.7829,40.8431],[-73.7831,40.8437],[-73.7828,40.8438],[-73.7826,40.8433],[-73.7828,40.8439],[-73.7825,40.844],[-73.7822,40.8434],[-73.7824,40.844],[-73.782,40.8441],[-73.7818,40.8436],[-73.782,40.8441],[-73.7816,40.8442],[-73.7814,40.8437],[-73.7815,40.8442],[-73.7811,40.8443],[-73.7809,40.8439],[-73.7811,40.8443],[-73.7806,40.8444],[-73.7804,40.844],[-73.7805,40.8445],[-73.7799,40.8439],[-73.7805,40.8445],[-73.7829,40.8439],[-73.783,40.8438],[-73.7835,40.8437],[-73.783,40.8442],[-73.7834,40.8444],[-73.783,40.8447],[-73.7832,40.8453],[-73.7831,40.8451],[-73.7818,40.8455],[-73.7831,40.8451],[-73.7831,40.8455],[-73.7818,40.8458],[-73.7831,40.8455],[-73.7831,40.8453],[-73.7831,40.8455],[-73.7825,40.8457],[-73.7825,40.8464],[-73.7822,40.8466],[-73.7811,40.8468],[-73.7817,40.8467],[-73.7817,40.8464],[-73.7817,40.8466],[-73.7811,40.8467],[-73.7812,40.8462],[-73.7811,40.8468],[-73.7804,40.8469],[-73.7805,40.8471],[-73.7822,40.8466],[-73.7821,40.8471],[-73.7814,40.8475],[-73.7815,40.8479],[-73.7826,40.8481],[-73.781,40.8485],[-73.7827,40.8481],[-73.7815,40.8486],[-73.7814,40.8488],[-73.7821,40.8491],[-73.7815,40.8494],[-73.7822,40.8491],[-73.7824,40.8493],[-73.783,40.8491],[-73.7835,40.8492],[-73.7842,40.8501],[-73.7838,40.8507],[-73.7845,40.8508],[-73.7846,40.8511],[-73.7836,40.8513],[-73.7834,40.8516],[-73.784,40.8515],[-73.7843,40.8518],[-73.7841,40.8518],[-73.7853,40.8516],[-73.7859,40.8518],[-73.788,40.8535],[-73.7879,40.8537],[-73.7869,40.8541],[-73.7883,40.8541],[-73.7873,40.8544],[-73.7883,40.8542],[-73.7885,40.8544],[-73.7884,40.8556],[-73.7889,40.8566],[-73.7888,40.8574],[-73.788,40.8575],[-73.7888,40.8574],[-73.7888,40.8584],[-73.7892,40.8587]]],[[[-73.7678,40.8544],[-73.7653,40.855],[-73.7684,40.8577],[-73.7684,40.8584],[-73.7695,40.8593],[-73.7708,40.8601],[-73.7722,40.86],[-73.7721,40.8544],[-73.7723,40.8539],[-73.773,40.8541],[-73.773,40.8538],[-73.7723,40.8539],[-73.7723,40.8531],[-73.7717,40.853],[-73.7717,40.8525],[-73.7725,40.8524],[-73.7725,40.8521],[-73.7729,40.8524],[-73.7726,40.8522],[-73.773,40.8522],[-73.7725,40.8521],[-73.7725,40.8518],[-73.7727,40.8518],[-73.772,40.8516],[-73.7709,40.8498],[-73.7716,40.8475],[-73.769,40.8451],[-73.7679,40.8453],[-73.7696,40.8476],[-73.7686,40.8508],[-73.7694,40.8525],[-73.769,40.8533],[-73.7686,40.8532],[-73.7678,40.8544]]],[[[-73.7846,40.8605],[-73.787,40.8602],[-73.7877,40.8588],[-73.7867,40.8587],[-73.7866,40.859],[-73.7861,40.8593],[-73.7851,40.8588],[-73.7844,40.8599],[-73.7846,40.8605]]],[[[-73.7751,40.8612],[-73.7749,40.8614],[-73.7751,40.8616],[-73.7751,40.8612]]],[[[-73.7831,40.8629],[-73.7831,40.8621],[-73.7829,40.8624],[-73.7831,40.8629]]],[[[-73.784,40.8631],[-73.7843,40.8632],[-73.7847,40.8625],[-73.7838,40.8626],[-73.7838,40.863],[-73.7835,40.8631],[-73.784,40.8631]]],[[[-73.7696,40.8655],[-73.7694,40.8658],[-73.7699,40.8655],[-73.7696,40.8655]]],[[[-73.7669,40.867],[-73.7667,40.8673],[-73.7671,40.8672],[-73.7672,40.8669],[-73.7669,40.867]]],[[[-73.7717,40.8716],[-73.7708,40.8716],[-73.7726,40.8719],[-73.7722,40.8716],[-73.7717,40.8716]]],[[[-73.7748,40.874],[-73.7745,40.8743],[-73.7747,40.8748],[-73.7751,40.8746],[-73.775,40.8739],[-73.7748,40.874]]],[[[-73.7819,40.8752],[-73.7819,40.8754],[-73.7821,40.8752],[-73.7824,40.8752],[-73.7825,40.8746],[-73.7821,40.8745],[-73.7819,40.8752]]],[[[-73.7819,40.8764],[-73.7822,40.8764],[-73.7817,40.8762],[-73.7817,40.8764],[-73.7819,40.8764]]],[[[-73.7813,40.8759],[-73.7812,40.8766],[-73.7814,40.8758],[-73.7813,40.8759]]],[[[-73.7835,40.8772],[-73.7836,40.8775],[-73.784,40.8769],[-73.7838,40.8765],[-73.7835,40.8772]]],[[[-73.7853,40.8799],[-73.7854,40.88],[-73.7857,40.8799],[-73.785,40.8798],[-73.7853,40.8799]]],[[[-73.7848,40.8806],[-73.785,40.8807],[-73.7853,40.8805],[-73.7847,40.8801],[-73.7843,40.8802],[-73.7841,40.8797],[-73.7837,40.8799],[-73.7838,40.8804],[-73.7843,40.8804],[-73.7845,40.8807],[-73.7848,40.8806]]]]},"properties":{"borocode":"2","boroname":"Bronx","shape_area":"1187199168.58","shape_leng":"463146.326689"}}
]}