{"type":"FeatureCollection", "features": [
{"type":"Feature","geometry":{"type":"Polygon","coordinates":[[[-73.9877,40.7441],[-73.9841,40.7491],[-73.9925,40.7535],[-73.993,40.7529],[-73.9987,40.7553],[-73.9982,40.7559],[-74.0015,40.7565],[-74.0001,40.7584],[-74.003,40.7597],[-74.0057,40.7559],[-74.008,40.7515],[-74.0081,40.7493],[-74.007,40.7489],[-74.0065,40.7496],[-74.0009,40.7471],[-74.0004,40.7478],[-73.9976,40.7466],[-73.998,40.7459],[-73.9921,40.7439],[-73.991,40.7454],[-73.9882,40.7435],[-73.9877,40.7441]]]},"properties":{"modzcta":"10001","label":"10001, 10118","zcta":"10001, 10119, 10199","pop_est":"23072"}},
{"type":"Feature","geometry":{"type":"Polygon","coordinates":[[[-73.9975,40.7141],[-73.9961,40.7092],[-73.9921,40.7109],[-73.9919,40.7095],[-73.9887,40.71],[-73.9884,40.7091],[-73.9779,40.7106],[-73.9761,40.7125],[-73.9735,40.7188],[-73.9782,40.7207],[-73.9788,40.7199],[-73.9886,40.7229],[-73.9926,40.7241],[-73.994,40.7203],[-73.9975,40.7141]]]},"properties":{"modzcta":"10002","label":"10002","zcta":"10002","pop_est":"74993"}},
{"type":"Feature","geometry":{"type":"Polygon","coordinates":[[[-73.9886,40.7229],[-73.9798,40.735],[-73.9845,40.737],[-73.985,40.7379],[-73.9854,40.7373],[-73.9868,40.7379],[-73.9864,40.7385],[-73.9909,40.7397],[-73.997,40.7314],[-73.9986,40.7322],[-73.9996,40.731],[-73.9931,40.7279],[-73.9936,40.7273],[-73.9918,40.7264],[-73.9926,40.7241],[-73.9886,40.7229]]]},"properties":{"modzcta":"10003","label":"10003","zcta":"10003","pop_est":"54682"}},
{"type":"Feature","geometry":{"type":"MultiPolygon","coordinates":[[[[-73.962,40.8055],[-73.9625,40.8049],[-73.9603,40.804],[-73.9601,40.8047],[-73.962,40.8055]]],[[[-73.9586,40.8],[-73.9579,40.8005],[-73.9492,40.7969],[-73.9465,40.8007],[-73.9448,40.803],[-73.9535,40.807],[-73.954,40.8064],[-73.9568,40.8075],[-73.9601,40.8006],[-73.9586,40.8]]]]},"properties":{"modzcta":"10026","label":"10026","zcta":"10026","pop_est":"39363"}},
{"type":"Feature","geometry":{"type":"MultiPolygon","coordinates":[[[[-74.0083,40.7077],[-74.0089,40.709],[-74.0094,40.7086],[-74.0083,40.7077]]],[[[-74.0158,40.7013],[-74.0136,40.7009],[-74.0131,40.6998],[-74.0131,40.7005],[-74.012,40.7],[-74.0112,40.7009],[-74.0108,40.7002],[-74.0112,40.7015],[-74.0076,40.703],[-74.0078,40.7031],[-74.0095,40.7045],[-74.009,40.7053],[-74.0115,40.705],[-74.0112,40.7063],[-74.0125,40.7068],[-74.0133,40.7059],[-74.014,40.7061],[-74.016,40.7067],[-74.0176,40.7068],[-74.018,40.7057],[-74.0167,40.7048],[-74.0158,40.7013]]]]},"properties":{"modzcta":"10004","label":"10004","zcta":"10004","pop_est":"3028"}},
{"type":"Feature","geometry":{"type":"Polygon","coordinates":[[[-74.0089,40.709],[-74.0105,40.7092],[-74.0125,40.7068],[-74.0112,40.7063],[-74.0115,40.705],[-74.009,40.7053],[-74.0095,40.7045],[-74.0078,40.7031],[-74.0046,40.7052],[-74.0083,40.7077],[-74.0094,40.7086],[-74.0089,40.709]]]},"properties":{"modzcta":"10005","label":"10005","zcta":"10005, 10271","pop_est":"8831"}},
{"type":"Feature","geometry":{"type":"Polygon","coordinates":[[[-74.0125,40.7068],[-74.0105,40.7092],[-74.01,40.7098],[-74.0112,40.7104],[-74.0101,40.7121],[-74.0138,40.7137],[-74.016,40.7067],[-74.014,40.7061],[-74.0133,40.7059],[-74.0125,40.7068]]]},"properties":{"modzcta":"10006","label":"10006","zcta":"10006","pop_est":"3454"}},
{"type":"Feature","geometry":{"type":"Polygon","coordinates":[[[-74.01,40.7098],[-74.0086,40.7114],[-74.0009,40.713],[-74.0005,40.7144],[-74.0062,40.7171],[-74.0079,40.7149],[-74.0129,40.7172],[-74.0138,40.7137],[-74.0101,40.7121],[-74.0112,40.7104],[-74.01,40.7098]]]},"properties":{"modzcta":"10007","label":"10007","zcta":"10007, 10278, 10279","pop_est":"7023"}},
{"type":"Feature","geometry":{"type":"Polygon","coordinates":[[[-73.9735,40.7188],[-73.9714,40.7287],[-73.9737,40.7323],[-73.9798,40.735],[-73.9886,40.7229],[-73.9788,40.7199],[-73.9782,40.7207],[-73.9735,40.7188]]]},"properties":{"modzcta":"10009","label":"10009","zcta":"10009","pop_est":"57925"}},
{"type":"Feature","geometry":{"type":"Polygon","coordinates":[[[-73.9921,40.7439],[-73.994,40.7413],[-73.9909,40.7397],[-73.9864,40.7385],[-73.9868,40.7379],[-73.9854,40.7373],[-73.985,40.7379],[-73.9845,40.737],[-73.9798,40.735],[-73.9737,40.7323],[-73.9745,40.7363],[-73.9725,40.7358],[-73.9717,40.7431],[-73.9731,40.7403],[-73.9753,40.7413],[-73.9758,40.7406],[-73.9733,40.7397],[-73.9747,40.7378],[-73.985,40.7421],[-73.9845,40.7427],[-73.9877,40.7441],[-73.9882,40.7435],[-73.991,40.7454],[-73.9921,40.7439]]]},"properties":{"modzcta":"10010","label":"10010","zcta":"10010","pop_est":"33730"}},
{"type":"Feature","geometry":{"type":"Polygon","coordinates":[[[-74.0057,40.7559],[-74.0062,40.7562],[-74.0099,40.7489],[-74.0081,40.7484],[-74.0092,40.7424],[-74.0077,40.7428],[-74.0049,40.7416],[-74.0054,40.7409],[-74.0028,40.7404],[-74.0034,40.7388],[-74.0024,40.7388],[-73.9996,40.7339],[-74.001,40.7317],[-73.9996,40.731],[-73.9986,40.7322],[-73.997,40.7314],[-73.9909,40.7397],[-73.994,40.7413],[-73.9921,40.7439],[-73.998,40.7459],[-73.9976,40.7466],[-74.0004,40.7478],[-74.0009,40.7471],[-74.0065,40.7496],[-74.007,40.7489],[-74.0081,40.7493],[-74.008,40.7515],[-74.0057,40.7559]]]},"properties":{"modzcta":"10011","label":"10011","zcta":"10011","pop_est":"50472"}},
{"type":"Feature","geometry":{"type":"Polygon","coordinates":[[[-73.9926,40.7241],[-73.9918,40.7264],[-73.9936,40.7273],[-73.9931,40.7279],[-73.9996,40.731],[-74.001,40.7317],[-74.0037,40.7263],[-74.004,40.7255],[-74.0041,40.7254],[-74.0046,40.7242],[-74.003,40.7233],[-73.9953,40.7199],[-73.995,40.7206],[-73.994,40.7203],[-73.9926,40.7241]]]},"properties":{"modzcta":"10012","label":"10012","zcta":"10012","pop_est":"23411"}},
{"type":"Feature","geometry":{"type":"Polygon","coordinates":[[[-73.994,40.7203],[-73.995,40.7206],[-73.9953,40.7199],[-74.003,40.7233],[-74.0046,40.7242],[-74.0041,40.7254],[-74.004,40.7255],[-74.0037,40.7263],[-74.0096,40.7276],[-74.0099,40.726],[-74.011,40.7261],[-74.012,40.7243],[-74.013,40.7191],[-74.0129,40.7172],[-74.0079,40.7149],[-74.0062,40.7171],[-74.0005,40.7144],[-73.9986,40.7135],[-73.9975,40.7141],[-73.994,40.7203]]]},"properties":{"modzcta":"10013","label":"10013","zcta":"10013","pop_est":"28709"}},
{"type":"Feature","geometry":{"type":"Polygon","coordinates":[[[-74.0092,40.7424],[-74.0095,40.7407],[-74.0115,40.7407],[-74.0116,40.7393],[-74.0104,40.7392],[-74.012,40.7243],[-74.011,40.7261],[-74.0099,40.726],[-74.0096,40.7276],[-74.0037,40.7263],[-74.001,40.7317],[-73.9996,40.7339],[-74.0024,40.7388],[-74.0034,40.7388],[-74.0028,40.7404],[-74.0054,40.7409],[-74.0049,40.7416],[-74.0077,40.7428],[-74.0092,40.7424]]]},"properties":{"modzcta":"10014","label":"10014","zcta":"10014","pop_est":"30738"}},
{"type":"Feature","geometry":{"type":"Polygon","coordinates":[[[-73.9877,40.7441],[-73.9845,40.7427],[-73.985,40.7421],[-73.9747,40.7378],[-73.9733,40.7397],[-73.9758,40.7406],[-73.9753,40.7413],[-73.9731,40.7403],[-73.9717,40.7431],[-73.9684,40.7474],[-73.9703,40.7482],[-73.9708,40.7475],[-73.974,40.7497],[-73.9745,40.7491],[-73.9818,40.7522],[-73.9841,40.7491],[-73.9877,40.7441]]]},"properties":{"modzcta":"10016","label":"10016","zcta":"10016","pop_est":"51057"}},
{"type":"Feature","geometry":{"type":"Polygon","coordinates":[[[-73.9684,40.7474],[-73.9648,40.7516],[-73.9645,40.7525],[-73.9665,40.7533],[-73.9662,40.7539],[-73.9777,40.7579],[-73.9781,40.7573],[-73.9818,40.7522],[-73.9745,40.7491],[-73.974,40.7497],[-73.9708,40.7475],[-73.9703,40.7482],[-73.9684,40.7474]]]},"properties":{"modzcta":"10017","label":"10017","zcta":"10017, 10165, 10167, 10168, 10169, 10170, 10171, 10172, 10173, 10174, 10177","pop_est":"15801"}},
{"type":"Feature","geometry":{"type":"Polygon","coordinates":[[[-73.9841,40.7491],[-73.9818,40.7522],[-73.9944,40.7584],[-73.9948,40.7577],[-73.9964,40.7583],[-73.9968,40.7578],[-73.9986,40.7587],[-73.9969,40.7594],[-74.0017,40.7614],[-74.0011,40.762],[-74.0015,40.7626],[-74.0062,40.7562],[-74.0057,40.7559],[-74.003,40.7597],[-74.0001,40.7584],[-74.0015,40.7565],[-73.9982,40.7559],[-73.9987,40.7553],[-73.993,40.7529],[-73.9925,40.7535],[-73.9841,40.7491]]]},"properties":{"modzcta":"10018","label":"10018","zcta":"10018","pop_est":"9687"}},
{"type":"Feature","geometry":{"type":"Polygon","coordinates":[[[-73.9418,40.8128],[-73.9426,40.8149],[-73.9409,40.8141],[-73.9372,40.8191],[-73.9362,40.8204],[-73.9419,40.8228],[-73.9424,40.8222],[-73.9435,40.8226],[-73.9429,40.8233],[-73.9448,40.824],[-73.9461,40.8213],[-73.9487,40.8157],[-73.9446,40.814],[-73.9451,40.8134],[-73.9418,40.8128]]]},"properties":{"modzcta":"10030","label":"10030","zcta":"10030","pop_est":"29882"}},
{"type":"Feature","geometry":{"type":"Polygon","coordinates":[[[-73.9777,40.7579],[-73.973,40.7643],[-73.9822,40.7678],[-73.982,40.7684],[-73.9843,40.7698],[-73.9848,40.7692],[-73.9876,40.7704],[-73.9871,40.7711],[-73.99,40.7722],[-73.9905,40.7716],[-73.9938,40.7729],[-73.9971,40.7687],[-73.9962,40.7684],[-73.9996,40.7636],[-74.0007,40.7638],[-74.0015,40.7626],[-74.0011,40.762],[-73.9992,40.7635],[-73.9977,40.7655],[-73.9955,40.7646],[-73.9951,40.7653],[-73.993,40.7644],[-73.9934,40.7637],[-73.987,40.761],[-73.9866,40.7617],[-73.9781,40.7573],[-73.9777,40.7579]]]},"properties":{"modzcta":"10019","label":"10019, 10020","zcta":"10019, 10020, 10103, 10111, 10112","pop_est":"43703"}},
{"type":"Feature","geometry":{"type":"MultiPolygon","coordinates":[[[[-73.9588,40.7583],[-73.9563,40.7605],[-73.9593,40.7593],[-73.9588,40.7583]]],[[[-73.9684,40.7705],[-73.9636,40.7685],[-73.9641,40.7679],[-73.9552,40.7649],[-73.9556,40.7643],[-73.9536,40.7635],[-73.9523,40.7646],[-73.9481,40.7695],[-73.9493,40.7684],[-73.9583,40.773],[-73.9587,40.7723],[-73.9603,40.773],[-73.9599,40.7736],[-73.9614,40.7743],[-73.9619,40.7737],[-73.9651,40.775],[-73.9684,40.7705]]]]},"properties":{"modzcta":"10021","label":"10021","zcta":"10021","pop_est":"46215"}},
{"type":"Feature","geometry":{"type":"Polygon","coordinates":[[[-73.9648,40.7516],[-73.9588,40.7583],[-73.9593,40.7593],[-73.9627,40.7607],[-73.9624,40.7614],[-73.9634,40.7619],[-73.9639,40.7612],[-73.9726,40.7649],[-73.973,40.7643],[-73.9777,40.7579],[-73.9662,40.7539],[-73.9665,40.7533],[-73.9645,40.7525],[-73.9648,40.7516]]]},"properties":{"modzcta":"10022","label":"10022","zcta":"10022, 10152, 10153, 10154","pop_est":"31125"}},
{"type":"Feature","geometry":{"type":"Polygon","coordinates":[[[-73.982,40.7684],[-73.9741,40.7788],[-73.9811,40.7817],[-73.9808,40.7825],[-73.9821,40.783],[-73.9826,40.7824],[-73.9845,40.7832],[-73.9857,40.7803],[-73.9865,40.7807],[-73.9896,40.7753],[-73.99,40.7722],[-73.9871,40.7711],[-73.9876,40.7704],[-73.9848,40.7692],[-73.9843,40.7698],[-73.982,40.7684]]]},"properties":{"modzcta":"10023","label":"10023","zcta":"10023","pop_est":"62435"}},
{"type":"Feature","geometry":{"type":"Polygon","coordinates":[[[-73.9741,40.7788],[-73.967,40.7885],[-73.9771,40.7927],[-73.9764,40.7951],[-73.9742,40.7966],[-73.9737,40.7986],[-73.9658,40.8088],[-73.9614,40.8153],[-73.9607,40.8175],[-73.962,40.8181],[-73.988,40.7816],[-73.9881,40.7814],[-73.9874,40.7811],[-73.9865,40.7807],[-73.9857,40.7803],[-73.9845,40.7832],[-73.9826,40.7824],[-73.9821,40.783],[-73.9808,40.7825],[-73.9811,40.7817],[-73.9741,40.7788]]]},"properties":{"modzcta":"10024","label":"10024","zcta":"10024","pop_est":"59001"}},
{"type":"Feature","geometry":{"type":"Polygon","coordinates":[[[-73.962,40.8055],[-73.9648,40.8067],[-73.9644,40.8073],[-73.9639,40.808],[-73.9658,40.8088],[-73.9737,40.7986],[-73.9742,40.7966],[-73.9764,40.7951],[-73.9771,40.7927],[-73.967,40.7885],[-73.9586,40.8],[-73.9601,40.8006],[-73.9568,40.8075],[-73.955,40.8101],[-73.9578,40.8113],[-73.9572,40.8096],[-73.9598,40.8054],[-73.9616,40.8061],[-73.962,40.8055]],[[-73.962,40.8055],[-73.9601,40.8047],[-73.9603,40.804],[-73.9625,40.8049],[-73.962,40.8055]]]},"properties":{"modzcta":"10025","label":"10025","zcta":"10025","pop_est":"92805"}},
{"type":"Feature","geometry":{"type":"Polygon","coordinates":[[[-73.9448,40.803],[-73.9461,40.8039],[-73.9457,40.8045],[-73.9443,40.8064],[-73.9428,40.8057],[-73.9404,40.809],[-73.9432,40.8107],[-73.9432,40.8109],[-73.9418,40.8128],[-73.9451,40.8134],[-73.9446,40.814],[-73.9487,40.8157],[-73.9461,40.8213],[-73.9481,40.8221],[-73.9483,40.8191],[-73.9523,40.8172],[-73.9556,40.8194],[-73.956,40.8188],[-73.96,40.8204],[-73.962,40.8181],[-73.9607,40.8175],[-73.9614,40.8153],[-73.9658,40.8088],[-73.9639,40.808],[-73.9644,40.8073],[-73.9648,40.8067],[-73.962,40.8055],[-73.9616,40.8061],[-73.9598,40.8054],[-73.9572,40.8096],[-73.9578,40.8113],[-73.955,40.8101],[-73.9568,40.8075],[-73.954,40.8064],[-73.9535,40.807],[-73.9448,40.803]]]},"properties":{"modzcta":"10027","label":"10027","zcta":"10027, 10115","pop_est":"64548"}},
{"type":"Feature","geometry":{"type":"Polygon","coordinates":[[[-73.9632,40.7777],[-73.9514,40.7733],[-73.9471,40.7708],[-73.9475,40.7701],[-73.9444,40.773],[-73.9457,40.7736],[-73.945,40.7756],[-73.9466,40.7766],[-73.954,40.7788],[-73.9599,40.7822],[-73.9632,40.7777]]]},"properties":{"modzcta":"10028","label":"10028","zcta":"10028","pop_est":"47793"}},
{"type":"Feature","geometry":{"type":"Polygon","coordinates":[[[-73.9492,40.7969],[-73.9539,40.7905],[-73.9544,40.7898],[-73.9558,40.7879],[-73.9509,40.7859],[-73.9504,40.7865],[-73.9488,40.7859],[-73.9435,40.7829],[-73.9398,40.7853],[-73.9358,40.7911],[-73.9311,40.7941],[-73.9332,40.7951],[-73.9327,40.7957],[-73.9349,40.7967],[-73.9354,40.796],[-73.9465,40.8007],[-73.9492,40.7969]]]},"properties":{"modzcta":"10029","label":"10029","zcta":"10029","pop_est":"79597"}},
{"type":"Feature","geometry":{"type":"Polygon","coordinates":[[[-73.9429,40.8233],[-73.9386,40.8297],[-73.9401,40.8304],[-73.9411,40.8291],[-73.9497,40.8327],[-73.9492,40.8342],[-73.9502,40.8344],[-73.9545,40.8279],[-73.9573,40.8271],[-73.9596,40.8237],[-73.9579,40.8228],[-73.96,40.8204],[-73.956,40.8188],[-73.9556,40.8194],[-73.9523,40.8172],[-73.9483,40.8191],[-73.9481,40.8221],[-73.9461,40.8213],[-73.9448,40.824],[-73.9429,40.8233]]]},"properties":{"modzcta":"10031","label":"10031","zcta":"10031","pop_est":"60254"}},
{"type":"Feature","geometry":{"type":"Polygon","coordinates":[[[-73.9405,40.8454],[-73.9426,40.8462],[-73.9423,40.8453],[-73.9446,40.8456],[-73.9432,40.8498],[-73.9469,40.8505],[-73.9461,40.8439],[-73.9502,40.8344],[-73.9492,40.8342],[-73.9497,40.8327],[-73.9411,40.8291],[-73.9401,40.8304],[-73.9403,40.8318],[-73.9351,40.8392],[-73.9356,40.8415],[-73.9347,40.843],[-73.9389,40.8447],[-73.9387,40.8454],[-73.9402,40.8461],[-73.9405,40.8454]]]},"properties":{"modzcta":"10032","label":"10032","zcta":"10032","pop_est":"64264"}},
{"type":"Feature","geometry":{"type":"Polygon","coordinates":[[[-73.9347,40.843],[-73.932,40.8465],[-73.9294,40.8457],[-73.922,40.8569],[-73.9228,40.8569],[-73.9247,40.8616],[-73.9271,40.8581],[-73.9269,40.8575],[-73.9252,40.858],[-73.9247,40.8566],[-73.9282,40.8519],[-73.939,40.8561],[-73.9432,40.8498],[-73.9446,40.8456],[-73.9423,40.8453],[-73.9426,40.8462],[-73.9405,40.8454],[-73.9402,40.8461],[-73.9387,40.8454],[-73.9389,40.8447],[-73.9347,40.843]]]},"properties":{"modzcta":"10033","label":"10033","zcta":"10033","pop_est":"59607"}},
{"type":"Feature","geometry":{"type":"Polygon","coordinates":[[[-73.9432,40.8498],[-73.939,40.8561],[-73.9338,40.863],[-73.9327,40.8629],[-73.9324,40.8611],[-73.934,40.8594],[-73.9313,40.8593],[-73.9295,40.8641],[-73.925,40.8663],[-73.9244,40.8654],[-73.9266,40.8645],[-73.9247,40.8616],[-73.9228,40.8569],[-73.922,40.8569],[-73.9209,40.8582],[-73.9216,40.8601],[-73.9195,40.8588],[-73.9154,40.8631],[-73.9159,40.8643],[-73.9144,40.8642],[-73.9149,40.8646],[-73.9125,40.8665],[-73.9105,40.8721],[-73.9116,40.8733],[-73.9152,40.8745],[-73.9189,40.8733],[-73.9189,40.8746],[-73.9209,40.8755],[-73.9198,40.8736],[-73.9211,40.873],[-73.9226,40.8743],[-73.9224,40.8768],[-73.9265,40.8776],[-73.9311,40.8727],[-73.9324,40.8676],[-73.9419,40.8539],[-73.9469,40.8505],[-73.9432,40.8498]]]},"properties":{"modzcta":"10034","label":"10034","zcta":"10034","pop_est":"42910"}},
{"type":"Feature","geometry":{"type":"Polygon","coordinates":[[[-73.9418,40.8128],[-73.9432,40.8109],[-73.9432,40.8107],[-73.9404,40.809],[-73.9399,40.8096],[-73.9351,40.8075],[-73.9349,40.8067],[-73.9333,40.8072],[-73.9343,40.8096],[-73.9338,40.8195],[-73.9343,40.8179],[-73.9372,40.8191],[-73.9409,40.8141],[-73.9426,40.8149],[-73.9418,40.8128]]]},"properties":{"modzcta":"10037","label":"10037","zcta":"10037","pop_est":"21139"}},
{"type":"Feature","geometry":{"type":"MultiPolygon","coordinates":[[[[-73.9465,40.8007],[-73.9354,40.796],[-73.9349,40.7967],[-73.9327,40.7957],[-73.9332,40.7951],[-73.9311,40.7941],[-73.9293,40.7959],[-73.929,40.8011],[-73.9333,40.8072],[-73.9349,40.8067],[-73.9351,40.8075],[-73.9399,40.8096],[-73.9404,40.809],[-73.9428,40.8057],[-73.9443,40.8064],[-73.9457,40.8045],[-73.9461,40.8039],[-73.9448,40.803],[-73.9465,40.8007]]],[[[-73.9275,40.781],[-73.9231,40.7833],[-73.9186,40.7897],[-73.9138,40.7938],[-73.9155,40.7971],[-73.9203,40.7994],[-73.9226,40.8019],[-73.9255,40.802],[-73.9273,40.7989],[-73.9269,40.7955],[-73.9283,40.7923],[-73.9271,40.7919],[-73.9278,40.7909],[-73.9265,40.791],[-73.9267,40.7919],[-73.9256,40.7919],[-73.9266,40.7919],[-73.9261,40.7907],[-73.9308,40.791],[-73.9361,40.7845],[-73.935,40.783],[-73.9275,40.781]]]]},"properties":{"modzcta":"10035","label":"10035","zcta":"10035","pop_est":"35743"}},
{"type":"Feature","geometry":{"type":"Polygon","coordinates":[[[-73.9781,40.7573],[-73.9866,40.7617],[-73.987,40.761],[-73.9934,40.7637],[-73.993,40.7644],[-73.9951,40.7653],[-73.9955,40.7646],[-73.9977,40.7655],[-73.9992,40.7635],[-74.0011,40.762],[-74.0017,40.7614],[-73.9969,40.7594],[-73.9986,40.7587],[-73.9968,40.7578],[-73.9964,40.7583],[-73.9948,40.7577],[-73.9944,40.7584],[-73.9818,40.7522],[-73.9781,40.7573]]]},"properties":{"modzcta":"10036","label":"10036","zcta":"10036, 10110","pop_est":"27428"}},
{"type":"Feature","geometry":{"type":"Polygon","coordinates":[[[-73.9975,40.7141],[-73.9986,40.7135],[-74.0005,40.7144],[-74.0009,40.713],[-74.0086,40.7114],[-74.01,40.7098],[-74.0105,40.7092],[-74.0089,40.709],[-74.0083,40.7077],[-74.0046,40.7052],[-74.0078,40.7031],[-74.0076,40.703],[-73.9985,40.7083],[-73.9919,40.7095],[-73.9921,40.7109],[-73.9961,40.7092],[-73.9975,40.7141]]]},"properties":{"modzcta":"10038","label":"10038","zcta":"10038","pop_est":"22800"}},
{"type":"Feature","geometry":{"type":"Polygon","coordinates":[[[-73.9247,40.8616],[-73.9266,40.8645],[-73.9244,40.8654],[-73.925,40.8663],[-73.9295,40.8641],[-73.9313,40.8593],[-73.934,40.8594],[-73.9324,40.8611],[-73.9327,40.8629],[-73.9338,40.863],[-73.939,40.8561],[-73.9282,40.8519],[-73.9247,40.8566],[-73.9252,40.858],[-73.9269,40.8575],[-73.9271,40.8581],[-73.9247,40.8616]]]},"properties":{"modzcta":"10040","label":"10040","zcta":"10040","pop_est":"44571"}},
{"type":"Feature","geometry":{"type":"Polygon","coordinates":[[[-73.9258,40.7363],[-73.924,40.7358],[-73.923,40.7404],[-73.9168,40.7431],[-73.9149,40.7429],[-73.9147,40.7488],[-73.9102,40.7485],[-73.9098,40.7516],[-73.9203,40.7496],[-73.9208,40.7469],[-73.9255,40.7474],[-73.9276,40.7366],[-73.9258,40.7363]]]},"properties":{"modzcta":"11104","label":"11104","zcta":"11104","pop_est":"26119"}},
{"type":"Feature","geometry":{"type":"Polygon","coordinates":[[[-73.9007,40.7672],[-73.8996,40.7683],[-73.9003,40.7688],[-73.8937,40.7742],[-73.8928,40.7739],[-73.8923,40.7758],[-73.8925,40.7774],[-73.8912,40.7786],[-73.8925,40.7795],[-73.8917,40.7809],[-73.8941,40.7825],[-73.8953,40.7815],[-73.8948,40.7823],[-73.8962,40.7832],[-73.9013,40.7819],[-73.9027,40.7804],[-73.9011,40.7827],[-73.8987,40.7828],[-73.8958,40.7852],[-73.9021,40.7895],[-73.9099,40.7909],[-73.92,40.7826],[-73.918,40.7813],[-73.922,40.778],[-73.9209,40.7772],[-73.9215,40.7766],[-73.9143,40.7715],[-73.9102,40.7694],[-73.9109,40.7688],[-73.9058,40.768],[-73.9045,40.7676],[-73.9043,40.7675],[-73.902,40.7674],[-73.9007,40.7672]]]},"properties":{"modzcta":"11105","label":"11105","zcta":"11105","pop_est":"37382"}},
{"type":"Feature","geometry":{"type":"Polygon","coordinates":[[[-73.9372,40.8191],[-73.9343,40.8179],[-73.9338,40.8195],[-73.9349,40.8352],[-73.9294,40.8457],[-73.932,40.8465],[-73.9347,40.843],[-73.9356,40.8415],[-73.9351,40.8392],[-73.9403,40.8318],[-73.9401,40.8304],[-73.9386,40.8297],[-73.9429,40.8233],[-73.9435,40.8226],[-73.9424,40.8222],[-73.9419,40.8228],[-73.9362,40.8204],[-73.9372,40.8191]]]},"properties":{"modzcta":"10039","label":"10039","zcta":"10039","pop_est":"27726"}},
{"type":"Feature","geometry":{"type":"Polygon","coordinates":[[[-73.9444,40.773],[-73.942,40.7762],[-73.9435,40.7829],[-73.9488,40.7859],[-73.9504,40.7865],[-73.9509,40.7859],[-73.9558,40.7879],[-73.9599,40.7822],[-73.954,40.7788],[-73.9466,40.7766],[-73.945,40.7756],[-73.9457,40.7736],[-73.9444,40.773]]]},"properties":{"modzcta":"10128","label":"10128","zcta":"10128","pop_est":"59256"}},
{"type":"Feature","geometry":{"type":"Polygon","coordinates":[[[-73.9587,40.7516],[-73.9411,40.7694],[-73.9401,40.7729],[-73.9447,40.7698],[-73.9615,40.7497],[-73.9587,40.7516]]]},"properties":{"modzcta":"10044","label":"10044","zcta":"10044","pop_est":"11682"}},
{"type":"Feature","geometry":{"type":"Polygon","coordinates":[[[-73.9563,40.7605],[-73.9523,40.7646],[-73.9536,40.7635],[-73.9556,40.7643],[-73.9552,40.7649],[-73.9641,40.7679],[-73.9636,40.7685],[-73.9684,40.7705],[-73.9726,40.7649],[-73.9639,40.7612],[-73.9634,40.7619],[-73.9624,40.7614],[-73.9627,40.7607],[-73.9593,40.7593],[-73.9563,40.7605]]]},"properties":{"modzcta":"10065","label":"10065","zcta":"10065","pop_est":"28109"}},
{"type":"Feature","geometry":{"type":"Polygon","coordinates":[[[-73.99,40.7722],[-73.9896,40.7753],[-73.9865,40.7807],[-73.9874,40.7811],[-73.9889,40.7799],[-73.9938,40.7729],[-73.9905,40.7716],[-73.99,40.7722]]]},"properties":{"modzcta":"10069","label":"10069","zcta":"10069","pop_est":"5085"}},
{"type":"Feature","geometry":{"type":"Polygon","coordinates":[[[-73.9481,40.7695],[-73.9475,40.7701],[-73.9471,40.7708],[-73.9514,40.7733],[-73.9632,40.7777],[-73.9651,40.775],[-73.9619,40.7737],[-73.9614,40.7743],[-73.9599,40.7736],[-73.9603,40.773],[-73.9587,40.7723],[-73.9583,40.773],[-73.9493,40.7684],[-73.9481,40.7695]]]},"properties":{"modzcta":"10075","label":"10075, 10162","zcta":"10075, 10162","pop_est":"23140"}},
{"type":"Feature","geometry":{"type":"Polygon","coordinates":[[[-74.016,40.7067],[-74.0138,40.7137],[-74.0162,40.7148],[-74.0176,40.7137],[-74.0177,40.7131],[-74.0163,40.7134],[-74.0166,40.7122],[-74.0178,40.7128],[-74.0182,40.7078],[-74.0193,40.7061],[-74.0189,40.7047],[-74.0173,40.7046],[-74.0176,40.7033],[-74.0158,40.7013],[-74.0167,40.7048],[-74.018,40.7057],[-74.0176,40.7068],[-74.016,40.7067]]]},"properties":{"modzcta":"10280","label":"10280","zcta":"10280","pop_est":"9384"}},
{"type":"Feature","geometry":{"type":"Polygon","coordinates":[[[-74.0129,40.7172],[-74.013,40.7191],[-74.0132,40.7183],[-74.0167,40.7186],[-74.0176,40.7137],[-74.0162,40.7148],[-74.0138,40.7137],[-74.0129,40.7172]]]},"properties":{"modzcta":"10282","label":"10282","zcta":"10282","pop_est":"5593"}},
{"type":"Feature","geometry":{"type":"MultiPolygon","coordinates":[[[[-74.091,40.6121],[-74.0936,40.6129],[-74.0947,40.6122],[-74.093,40.6114],[-74.091,40.6121]]],[[[-74.113,40.6001],[-74.1093,40.6009],[-74.1096,40.6016],[-74.1116,40.6011],[-74.1127,40.6031],[-74.1071,40.6043],[-74.1032,40.603],[-74.1018,40.6051],[-74.0975,40.6059],[-74.0963,40.6089],[-74.0949,40.6093],[-74.0974,40.6091],[-74.0993,40.6124],[-74.0981,40.6128],[-74.0972,40.6152],[-74.0962,40.6157],[-74.0963,40.614],[-74.0939,40.613],[-74.0926,40.6153],[-74.0943,40.6167],[-74.0936,40.6182],[-74.0879,40.6169],[-74.0877,40.6196],[-74.0894,40.6203],[-74.0885,40.6234],[-74.0889,40.6277],[-74.0868,40.6303],[-74.0881,40.6311],[-74.0857,40.634],[-74.0841,40.6348],[-74.0823,40.6337],[-74.0789,40.6368],[-74.0799,40.6334],[-74.0775,40.6337],[-74.078,40.6325],[-74.076,40.632],[-74.0751,40.6378],[-74.0726,40.6379],[-74.0733,40.6423],[-74.0715,40.6428],[-74.0719,40.6442],[-74.0798,40.6484],[-74.0857,40.6489],[-74.093,40.646],[-74.0988,40.645],[-74.1047,40.6456],[-74.1051,40.6445],[-74.1065,40.6442],[-74.1054,40.6389],[-74.1045,40.6372],[-74.1031,40.6374],[-74.1025,40.6347],[-74.1055,40.6347],[-74.106,40.632],[-74.1035,40.6238],[-74.11,40.6207],[-74.117,40.6245],[-74.1197,40.6217],[-74.1179,40.6179],[-74.1147,40.6181],[-74.1141,40.6137],[-74.1129,40.6127],[-74.1132,40.6127],[-74.1139,40.6116],[-74.11,40.6103],[-74.1103,40.6072],[-74.1149,40.6021],[-74.113,40.6001]]]]},"properties":{"modzcta":"10301","label":"10301","zcta":"10301","pop_est":"38733"}},
{"type":"Feature","geometry":{"type":"Polygon","coordinates":[[[-73.9447,40.7629],[-73.9425,40.762],[-73.9433,40.7607],[-73.9379,40.7587],[-73.9265,40.7524],[-73.9225,40.7574],[-73.919,40.7622],[-73.9219,40.7636],[-73.9264,40.7657],[-73.926,40.7667],[-73.9278,40.7676],[-73.9286,40.7667],[-73.9352,40.7695],[-73.9345,40.7712],[-73.9352,40.7697],[-73.9413,40.7669],[-73.9447,40.7629]]]},"properties":{"modzcta":"11106","label":"11106","zcta":"11106","pop_est":"38363"}},
{"type":"Feature","geometry":{"type":"Polygon","coordinates":[[[-74.1458,40.6309],[-74.1462,40.6249],[-74.1521,40.6175],[-74.1479,40.6213],[-74.1447,40.6199],[-74.1473,40.6171],[-74.1416,40.6165],[-74.1417,40.6216],[-74.1367,40.6215],[-74.1364,40.6235],[-74.1339,40.6221],[-74.1326,40.6229],[-74.1319,40.6217],[-74.1304,40.6218],[-74.1306,40.6235],[-74.1321,40.6234],[-74.1303,40.6287],[-74.1292,40.6287],[-74.1306,40.6314],[-74.128,40.6346],[-74.127,40.6393],[-74.1313,40.6416],[-74.1344,40.6419],[-74.1431,40.6397],[-74.1458,40.6309]],[[-74.1458,40.6309],[-74.1451,40.632],[-74.1436,40.6319],[-74.144,40.6306],[-74.1458,40.6309]]]},"properties":{"modzcta":"10302","label":"10302","zcta":"10302","pop_est":"18204"}},
{"type":"Feature","geometry":{"type":"MultiPolygon","coordinates":[[[[-74.1431,40.6397],[-74.1439,40.6389],[-74.1488,40.6389],[-74.1486,40.6374],[-74.1489,40.6387],[-74.1494,40.6374],[-74.1506,40.6386],[-74.1528,40.6371],[-74.1592,40.6378],[-74.1599,40.6387],[-74.1623,40.6388],[-74.1617,40.6406],[-74.1632,40.641],[-74.1636,40.6399],[-74.1652,40.6406],[-74.1649,40.6422],[-74.1656,40.6412],[-74.1701,40.6421],[-74.1714,40.6418],[-74.1716,40.641],[-74.173,40.6405],[-74.1716,40.641],[-74.1719,40.6425],[-74.1713,40.6429],[-74.1727,40.643],[-74.1742,40.6451],[-74.1757,40.6447],[-74.1764,40.6423],[-74.1772,40.6431],[-74.1783,40.6421],[-74.1792,40.643],[-74.1796,40.6419],[-74.1792,40.645],[-74.1798,40.6443],[-74.183,40.6448],[-74.1836,40.6422],[-74.1848,40.6441],[-74.1865,40.6434],[-74.1946,40.6374],[-74.1956,40.635],[-74.1925,40.6334],[-74.1959,40.6315],[-74.1974,40.6324],[-74.1952,40.631],[-74.1924,40.6308],[-74.1921,40.6284],[-74.1903,40.629],[-74.1893,40.6307],[-74.1884,40.629],[-74.186,40.6291],[-74.1849,40.6278],[-74.184,40.6285],[-74.1794,40.6261],[-74.1785,40.6247],[-74.1777,40.6249],[-74.1765,40.6217],[-74.1785,40.6153],[-74.1804,40.6122],[-74.1795,40.612],[-74.176,40.618],[-74.173,40.6201],[-74.1688,40.6211],[-74.1633,40.6193],[-74.1653,40.6202],[-74.165,40.6216],[-74.1626,40.6216],[-74.1624,40.6224],[-74.1513,40.6214],[-74.1493,40.6231],[-74.1488,40.6251],[-74.1462,40.6249],[-74.1458,40.6309],[-74.1431,40.6397]]],[[[-74.1458,40.6309],[-74.144,40.6306],[-74.1436,40.6319],[-74.1451,40.632],[-74.1458,40.6309]]]]},"properties":{"modzcta":"10303","label":"10303","zcta":"10303","pop_est":"25947"}},
{"type":"Feature","geometry":{"type":"Polygon","coordinates":[[[-74.113,40.6001],[-74.1113,40.5971],[-74.1154,40.5962],[-74.1233,40.5851],[-74.1191,40.5812],[-74.1183,40.5781],[-74.1155,40.5786],[-74.1009,40.5904],[-74.1021,40.5887],[-74.0985,40.5871],[-74.0871,40.596],[-74.0852,40.6016],[-74.0833,40.6027],[-74.0839,40.6034],[-74.075,40.6164],[-74.0702,40.6211],[-74.074,40.6261],[-74.0741,40.6268],[-74.0728,40.6269],[-74.0735,40.6376],[-74.0726,40.6379],[-74.0751,40.6378],[-74.076,40.632],[-74.078,40.6325],[-74.0775,40.6337],[-74.0799,40.6334],[-74.0789,40.6368],[-74.0823,40.6337],[-74.0841,40.6348],[-74.0857,40.634],[-74.0881,40.6311],[-74.0868,40.6303],[-74.0889,40.6277],[-74.0885,40.6234],[-74.0894,40.6203],[-74.0877,40.6196],[-74.0879,40.6169],[-74.0936,40.6182],[-74.0943,40.6167],[-74.0926,40.6153],[-74.0939,40.613],[-74.0963,40.614],[-74.0962,40.6157],[-74.0972,40.6152],[-74.0981,40.6128],[-74.0993,40.6124],[-74.0974,40.6091],[-74.0949,40.6093],[-74.0963,40.6089],[-74.0975,40.6059],[-74.1018,40.6051],[-74.1032,40.603],[-74.1071,40.6043],[-74.1127,40.6031],[-74.1116,40.6011],[-74.1096,40.6016],[-74.1093,40.6009],[-74.113,40.6001]],[[-74.091,40.6121],[-74.093,40.6114],[-74.0947,40.6122],[-74.0936,40.6129],[-74.091,40.6121]]]},"properties":{"modzcta":"10304","label":"10304","zcta":"10304","pop_est":"41064"}},
{"type":"Feature","geometry":{"type":"Polygon","coordinates":[[[-73.9318,40.8079],[-73.9221,40.8137],[-73.9203,40.8146],[-73.9192,40.8172],[-73.9175,40.8168],[-73.9171,40.8175],[-73.9189,40.818],[-73.9174,40.8213],[-73.9119,40.8202],[-73.9115,40.8209],[-73.9101,40.8206],[-73.9087,40.8241],[-73.9113,40.8248],[-73.9117,40.8278],[-73.9136,40.8269],[-73.9148,40.8276],[-73.9153,40.8265],[-73.9202,40.8281],[-73.9189,40.8303],[-73.9205,40.8309],[-73.9226,40.8268],[-73.9288,40.8292],[-73.9331,40.8282],[-73.9329,40.8101],[-73.9318,40.8079]]]},"properties":{"modzcta":"10451","label":"10451","zcta":"10451","pop_est":"47798"}},
{"type":"Feature","geometry":{"type":"Polygon","coordinates":[[[-74.0985,40.5871],[-74.102,40.5846],[-74.0977,40.5818],[-74.0962,40.583],[-74.092,40.5809],[-74.0934,40.5791],[-74.089,40.5771],[-74.0899,40.5762],[-74.0858,40.5741],[-74.0927,40.5681],[-74.091,40.5667],[-74.0892,40.567],[-74.0872,40.5691],[-74.0862,40.5685],[-74.0866,40.5696],[-74.0809,40.5747],[-74.076,40.5782],[-74.0753,40.5779],[-74.0751,40.5792],[-74.0718,40.5819],[-74.0707,40.5816],[-74.0715,40.5822],[-74.071,40.5832],[-74.0645,40.5884],[-74.065,40.589],[-74.0622,40.592],[-74.0522,40.5998],[-74.0534,40.6006],[-74.0538,40.6059],[-74.0565,40.6072],[-74.0637,40.6168],[-74.0667,40.6181],[-74.0661,40.6186],[-74.07,40.6215],[-74.0728,40.6269],[-74.0741,40.6268],[-74.074,40.6261],[-74.0702,40.6211],[-74.075,40.6164],[-74.0839,40.6034],[-74.0833,40.6027],[-74.0852,40.6016],[-74.0871,40.596],[-74.0985,40.5871]]]},"properties":{"modzcta":"10305","label":"10305","zcta":"10305","pop_est":"42298"}},
{"type":"Feature","geometry":{"type":"Polygon","coordinates":[[[-74.1149,40.6021],[-74.1168,40.6019],[-74.1166,40.5991],[-74.1178,40.5984],[-74.1194,40.5984],[-74.1196,40.6018],[-74.1206,40.6018],[-74.1226,40.5995],[-74.1263,40.5935],[-74.1263,40.5909],[-74.1304,40.5828],[-74.1334,40.5841],[-74.1337,40.5861],[-74.1386,40.5891],[-74.1458,40.5886],[-74.1463,40.5861],[-74.1527,40.5805],[-74.1698,40.5708],[-74.1697,40.5665],[-74.1652,40.5665],[-74.1644,40.5653],[-74.1659,40.5603],[-74.1649,40.5601],[-74.1571,40.5626],[-74.1517,40.5679],[-74.1426,40.5599],[-74.1399,40.5587],[-74.1455,40.5539],[-74.1433,40.5534],[-74.1403,40.5548],[-74.1405,40.5542],[-74.1378,40.5539],[-74.1346,40.5513],[-74.1273,40.5573],[-74.1194,40.5521],[-74.1185,40.5514],[-74.1166,40.5491],[-74.1149,40.5496],[-74.1134,40.5481],[-74.1077,40.554],[-74.1048,40.553],[-74.1031,40.5559],[-74.1014,40.5555],[-74.1008,40.5583],[-74.0988,40.5594],[-74.0978,40.559],[-74.0966,40.5621],[-74.0954,40.5632],[-74.0941,40.5627],[-74.091,40.5667],[-74.0927,40.5681],[-74.0858,40.5741],[-74.0899,40.5762],[-74.089,40.5771],[-74.0934,40.5791],[-74.092,40.5809],[-74.0962,40.583],[-74.0977,40.5818],[-74.102,40.5846],[-74.0985,40.5871],[-74.1021,40.5887],[-74.1009,40.5904],[-74.1155,40.5786],[-74.1183,40.5781],[-74.1191,40.5812],[-74.1233,40.5851],[-74.1154,40.5962],[-74.1113,40.5971],[-74.113,40.6001],[-74.1149,40.6021]]]},"properties":{"modzcta":"10306","label":"10306","zcta":"10306","pop_est":"53142"}},
{"type":"Feature","geometry":{"type":"MultiPolygon","coordinates":[[[[-74.2218,40.5025],[-74.2175,40.5034],[-74.21,40.5106],[-74.2104,40.5117],[-74.2232,40.5087],[-74.2218,40.5025]]],[[[-74.2399,40.52],[-74.2423,40.5183],[-74.2456,40.5181],[-74.2461,40.5161],[-74.2475,40.5157],[-74.2482,40.5165],[-74.2521,40.5137],[-74.2533,40.5099],[-74.2556,40.5077],[-74.2553,40.5041],[-74.2533,40.5003],[-74.2492,40.4966],[-74.2468,40.4961],[-74.2443,40.4975],[-74.2399,40.4976],[-74.236,40.5003],[-74.2282,40.5023],[-74.2326,40.5158],[-74.2348,40.5195],[-74.2399,40.52]]]]},"properties":{"modzcta":"10307","label":"10307","zcta":"10307","pop_est":"15232"}},
{"type":"Feature","geometry":{"type":"Polygon","coordinates":[[[-74.1649,40.5601],[-74.1621,40.5491],[-74.1612,40.5492],[-74.1608,40.5474],[-74.1621,40.5459],[-74.1593,40.5473],[-74.1592,40.5452],[-74.1518,40.5377],[-74.1472,40.5358],[-74.1464,40.5364],[-74.1454,40.5359],[-74.1438,40.5371],[-74.1416,40.5371],[-74.1423,40.5423],[-74.138,40.546],[-74.1359,40.5464],[-74.1387,40.5485],[-74.1346,40.5513],[-74.1378,40.5539],[-74.1405,40.5542],[-74.1403,40.5548],[-74.1433,40.5534],[-74.1455,40.5539],[-74.1399,40.5587],[-74.1426,40.5599],[-74.1517,40.5679],[-74.1571,40.5626],[-74.1649,40.5601]]]},"properties":{"modzcta":"10308","label":"10308","zcta":"10308","pop_est":"30186"}},
{"type":"Feature","geometry":{"type":"Polygon","coordinates":[[[-74.21,40.5106],[-74.2076,40.5119],[-74.1992,40.5131],[-74.1999,40.5117],[-74.1977,40.5107],[-74.1971,40.5124],[-74.1941,40.5124],[-74.1937,40.5127],[-74.1932,40.5173],[-74.1994,40.5259],[-74.1948,40.5305],[-74.1961,40.5299],[-74.1975,40.5324],[-74.2029,40.5317],[-74.2031,40.5325],[-74.2,40.5336],[-74.1989,40.5352],[-74.2031,40.5443],[-74.2061,40.5435],[-74.2109,40.555],[-74.2131,40.5547],[-74.2051,40.5573],[-74.207,40.5576],[-74.2057,40.5585],[-74.2132,40.5567],[-74.2142,40.5566],[-74.2156,40.5558],[-74.2178,40.555],[-74.2187,40.556],[-74.2185,40.5547],[-74.2193,40.5558],[-74.2197,40.5546],[-74.2209,40.5559],[-74.2226,40.5554],[-74.2283,40.5564],[-74.2307,40.5556],[-74.2333,40.5525],[-74.2349,40.553],[-74.2364,40.5523],[-74.2364,40.5505],[-74.2404,40.5477],[-74.2422,40.5469],[-74.2436,40.5477],[-74.248,40.5431],[-74.2456,40.5409],[-74.2444,40.5381],[-74.2453,40.5369],[-74.2441,40.5369],[-74.242,40.5343],[-74.2415,40.531],[-74.244,40.5249],[-74.2428,40.524],[-74.2429,40.5212],[-74.2399,40.52],[-74.2348,40.5195],[-74.2326,40.5158],[-74.2282,40.5023],[-74.2251,40.5018],[-74.2218,40.5025],[-74.2232,40.5087],[-74.2104,40.5117],[-74.21,40.5106]]]},"properties":{"modzcta":"10309","label":"10309","zcta":"10309","pop_est":"33531"}},
{"type":"Feature","geometry":{"type":"Polygon","coordinates":[[[-74.1047,40.6456],[-74.1097,40.6455],[-74.1172,40.6416],[-74.1228,40.6413],[-74.1226,40.6406],[-74.1242,40.6401],[-74.1271,40.6402],[-74.127,40.6393],[-74.128,40.6346],[-74.1306,40.6314],[-74.1292,40.6287],[-74.1303,40.6287],[-74.1321,40.6234],[-74.1306,40.6235],[-74.1263,40.6238],[-74.1262,40.6229],[-74.122,40.6242],[-74.1197,40.6217],[-74.117,40.6245],[-74.11,40.6207],[-74.1035,40.6238],[-74.106,40.632],[-74.1055,40.6347],[-74.1025,40.6347],[-74.1031,40.6374],[-74.1045,40.6372],[-74.1054,40.6389],[-74.1065,40.6442],[-74.1051,40.6445],[-74.1047,40.6456]]]},"properties":{"modzcta":"10310","label":"10310","zcta":"10310","pop_est":"23262"}},
{"type":"Feature","geometry":{"type":"Polygon","coordinates":[[[-74.1697,40.5665],[-74.1747,40.5669],[-74.1789,40.5718],[-74.1838,40.5736],[-74.1869,40.5771],[-74.1916,40.5759],[-74.1979,40.5782],[-74.1935,40.5663],[-74.1995,40.5605],[-74.2057,40.5585],[-74.207,40.5576],[-74.2051,40.5573],[-74.2131,40.5547],[-74.2109,40.555],[-74.2061,40.5435],[-74.2031,40.5443],[-74.1989,40.5352],[-74.2,40.5336],[-74.2031,40.5325],[-74.2029,40.5317],[-74.1975,40.5324],[-74.1961,40.5299],[-74.1948,40.5305],[-74.1994,40.5259],[-74.1932,40.5173],[-74.1937,40.5127],[-74.1941,40.5124],[-74.1971,40.5124],[-74.1977,40.5107],[-74.196,40.5099],[-74.1941,40.5106],[-74.1848,40.5193],[-74.1811,40.5207],[-74.1776,40.5192],[-74.1727,40.523],[-74.17,40.523],[-74.1623,40.5272],[-74.1562,40.5286],[-74.1498,40.5339],[-74.1454,40.5359],[-74.1464,40.5364],[-74.1472,40.5358],[-74.1518,40.5377],[-74.1592,40.5452],[-74.1593,40.5473],[-74.1621,40.5459],[-74.1608,40.5474],[-74.1612,40.5492],[-74.1621,40.5491],[-74.1649,40.5601],[-74.1659,40.5603],[-74.1644,40.5653],[-74.1652,40.5665],[-74.1697,40.5665]]]},"properties":{"modzcta":"10312","label":"10312","zcta":"10312","pop_est":"61741"}},
{"type":"Feature","geometry":{"type":"Polygon","coordinates":[[[-74.1197,40.6217],[-74.122,40.6242],[-74.1262,40.6229],[-74.1263,40.6238],[-74.1306,40.6235],[-74.1304,40.6218],[-74.1319,40.6217],[-74.1326,40.6229],[-74.1339,40.6221],[-74.1364,40.6235],[-74.1367,40.6215],[-74.1417,40.6216],[-74.1416,40.6165],[-74.1473,40.6171],[-74.1447,40.6199],[-74.1479,40.6213],[-74.1521,40.6175],[-74.1462,40.6249],[-74.1488,40.6251],[-74.1493,40.6231],[-74.1513,40.6214],[-74.1624,40.6224],[-74.1626,40.6216],[-74.165,40.6216],[-74.1653,40.6202],[-74.1633,40.6193],[-74.1688,40.6211],[-74.173,40.6201],[-74.176,40.618],[-74.1795,40.612],[-74.1804,40.6122],[-74.1785,40.6153],[-74.1765,40.6217],[-74.1777,40.6249],[-74.1785,40.6247],[-74.1794,40.6261],[-74.184,40.6285],[-74.1849,40.6278],[-74.186,40.6291],[-74.1884,40.629],[-74.1893,40.6307],[-74.1903,40.629],[-74.1921,40.6284],[-74.1924,40.6308],[-74.1952,40.631],[-74.1974,40.6324],[-74.1959,40.6315],[-74.1925,40.6334],[-74.1956,40.635],[-74.2001,40.6315],[-74.2014,40.6261],[-74.2005,40.6163],[-74.2024,40.6133],[-74.2028,40.6083],[-74.1984,40.6009],[-74.1971,40.5998],[-74.1974,40.5985],[-74.1996,40.5938],[-74.2046,40.5893],[-74.2044,40.5837],[-74.208,40.5706],[-74.2114,40.5635],[-74.2112,40.5604],[-74.2132,40.5567],[-74.2057,40.5585],[-74.1995,40.5605],[-74.1935,40.5663],[-74.1979,40.5782],[-74.1916,40.5759],[-74.1869,40.5771],[-74.1838,40.5736],[-74.1789,40.5718],[-74.1747,40.5669],[-74.1697,40.5665],[-74.1698,40.5708],[-74.1527,40.5805],[-74.1463,40.5861],[-74.1458,40.5886],[-74.1386,40.5891],[-74.1337,40.5861],[-74.1334,40.5841],[-74.1304,40.5828],[-74.1263,40.5909],[-74.1263,40.5935],[-74.1226,40.5995],[-74.1206,40.6018],[-74.1196,40.6018],[-74.1194,40.5984],[-74.1178,40.5984],[-74.1166,40.5991],[-74.1168,40.6019],[-74.1149,40.6021],[-74.1103,40.6072],[-74.11,40.6103],[-74.1139,40.6116],[-74.1132,40.6127],[-74.1129,40.6127],[-74.1141,40.6137],[-74.1147,40.6181],[-74.1179,40.6179],[-74.1197,40.6217]]]},"properties":{"modzcta":"10314","label":"10314","zcta":"10311, 10314","pop_est":"90761"}},
{"type":"Feature","geometry":{"type":"Polygon","coordinates":[[[-73.9119,40.8202],[-73.9053,40.8179],[-73.903,40.82],[-73.9002,40.8267],[-73.8999,40.8274],[-73.8985,40.8299],[-73.899,40.832],[-73.8963,40.8335],[-73.897,40.8343],[-73.9012,40.8354],[-73.9006,40.8366],[-73.906,40.8385],[-73.9056,40.8398],[-73.9079,40.8372],[-73.9096,40.8371],[-73.9106,40.8375],[-73.9099,40.8387],[-73.9107,40.839],[-73.9114,40.8379],[-73.9127,40.8383],[-73.9121,40.8395],[-73.9131,40.8398],[-73.9205,40.8309],[-73.9189,40.8303],[-73.9202,40.8281],[-73.9153,40.8265],[-73.9148,40.8276],[-73.9136,40.8269],[-73.9117,40.8278],[-73.9113,40.8248],[-73.9087,40.8241],[-73.9101,40.8206],[-73.9115,40.8209],[-73.9119,40.8202]]]},"properties":{"modzcta":"10456","label":"10456","zcta":"10456","pop_est":"94218"}},
{"type":"Feature","geometry":{"type":"Polygon","coordinates":[[[-73.9205,40.8309],[-73.9131,40.8398],[-73.911,40.8451],[-73.9154,40.846],[-73.9171,40.8454],[-73.9169,40.8465],[-73.9211,40.8465],[-73.9226,40.8448],[-73.9281,40.8454],[-73.9331,40.8352],[-73.9331,40.8282],[-73.9288,40.8292],[-73.9226,40.8268],[-73.9205,40.8309]]]},"properties":{"modzcta":"10452","label":"10452","zcta":"10452","pop_est":"76078"}},
{"type":"Feature","geometry":{"type":"Polygon","coordinates":[[[-73.911,40.8451],[-73.9068,40.8485],[-73.9,40.8574],[-73.911,40.8606],[-73.9162,40.8588],[-73.9172,40.8559],[-73.9174,40.8571],[-73.919,40.8574],[-73.9281,40.8454],[-73.9226,40.8448],[-73.9211,40.8465],[-73.9169,40.8465],[-73.9171,40.8454],[-73.9154,40.846],[-73.911,40.8451]]]},"properties":{"modzcta":"10453","label":"10453","zcta":"10453","pop_est":"79606"}},
{"type":"Feature","geometry":{"type":"Polygon","coordinates":[[[-73.9318,40.8079],[-73.9287,40.8041],[-73.9276,40.804],[-73.9276,40.8027],[-73.9229,40.8024],[-73.9202,40.7996],[-73.9137,40.7968],[-73.9109,40.797],[-73.9025,40.8045],[-73.9023,40.8046],[-73.9022,40.8049],[-73.903,40.8094],[-73.9061,40.8073],[-73.905,40.8085],[-73.9125,40.8093],[-73.9152,40.8104],[-73.9145,40.8117],[-73.9167,40.8127],[-73.9221,40.8137],[-73.9318,40.8079]]]},"properties":{"modzcta":"10454","label":"10454","zcta":"10454","pop_est":"38203"}},
{"type":"Feature","geometry":{"type":"Polygon","coordinates":[[[-73.9221,40.8137],[-73.9167,40.8127],[-73.9145,40.8117],[-73.9152,40.8104],[-73.9125,40.8093],[-73.905,40.8085],[-73.9061,40.8073],[-73.903,40.8094],[-73.8954,40.8158],[-73.9,40.8186],[-73.9009,40.8178],[-73.9021,40.8185],[-73.9016,40.8197],[-73.903,40.82],[-73.9053,40.8179],[-73.9119,40.8202],[-73.9174,40.8213],[-73.9189,40.818],[-73.9171,40.8175],[-73.9175,40.8168],[-73.9192,40.8172],[-73.9203,40.8146],[-73.9221,40.8137]]]},"properties":{"modzcta":"10455","label":"10455","zcta":"10455","pop_est":"42283"}},
{"type":"Feature","geometry":{"type":"Polygon","coordinates":[[[-73.9096,40.8371],[-73.9089,40.8389],[-73.9096,40.8428],[-73.9051,40.8425],[-73.9056,40.8398],[-73.906,40.8385],[-73.9006,40.8366],[-73.8965,40.8437],[-73.8976,40.8438],[-73.8962,40.8467],[-73.8929,40.8463],[-73.8954,40.8429],[-73.8922,40.841],[-73.8838,40.8515],[-73.8855,40.852],[-73.886,40.8512],[-73.888,40.851],[-73.8872,40.8525],[-73.8896,40.8532],[-73.8904,40.8547],[-73.8909,40.8541],[-73.9,40.8574],[-73.9068,40.8485],[-73.911,40.8451],[-73.9131,40.8398],[-73.9121,40.8395],[-73.9127,40.8383],[-73.9114,40.8379],[-73.9107,40.839],[-73.9099,40.8387],[-73.9106,40.8375],[-73.9096,40.8371]]]},"properties":{"modzcta":"10457","label":"10457","zcta":"10457","pop_est":"74554"}},
{"type":"Feature","geometry":{"type":"Polygon","coordinates":[[[-73.8838,40.8515],[-73.8827,40.8537],[-73.8817,40.8533],[-73.8808,40.8571],[-73.8774,40.8554],[-73.8809,40.8575],[-73.8807,40.8608],[-73.8807,40.8609],[-73.881,40.8613],[-73.882,40.862],[-73.8839,40.8649],[-73.8791,40.868],[-73.8799,40.8684],[-73.8832,40.8734],[-73.8848,40.8784],[-73.8875,40.8725],[-73.8917,40.8695],[-73.9,40.8574],[-73.8909,40.8541],[-73.8904,40.8547],[-73.8896,40.8532],[-73.8872,40.8525],[-73.888,40.851],[-73.886,40.8512],[-73.8855,40.852],[-73.8838,40.8515]]]},"properties":{"modzcta":"10458","label":"10458","zcta":"10458","pop_est":"83960"}},
{"type":"Feature","geometry":{"type":"Polygon","coordinates":[[[-73.903,40.82],[-73.9016,40.8197],[-73.9021,40.8185],[-73.9009,40.8178],[-73.9,40.8186],[-73.8954,40.8158],[-73.8902,40.821],[-73.8844,40.823],[-73.8839,40.8298],[-73.8801,40.8347],[-73.8822,40.8355],[-73.8854,40.8304],[-73.8917,40.8327],[-73.8941,40.8349],[-73.8942,40.8333],[-73.8951,40.8332],[-73.8953,40.834],[-73.8963,40.8335],[-73.899,40.832],[-73.8985,40.8299],[-73.8999,40.8274],[-73.9002,40.8267],[-73.903,40.82]]]},"properties":{"modzcta":"10459","label":"10459","zcta":"10459","pop_est":"48351"}},
{"type":"Feature","geometry":{"type":"Polygon","coordinates":[[[-73.8963,40.8335],[-73.8953,40.834],[-73.8951,40.8332],[-73.8942,40.8333],[-73.8941,40.8349],[-73.8917,40.8327],[-73.8854,40.8304],[-73.8822,40.8355],[-73.8801,40.8347],[-73.8793,40.8344],[-73.8767,40.8362],[-73.8765,40.8362],[-73.8668,40.8348],[-73.8651,40.8353],[-73.8629,40.8343],[-73.8652,40.8425],[-73.8686,40.845],[-73.8702,40.8454],[-73.8718,40.8438],[-73.8746,40.8415],[-73.8782,40.8426],[-73.8742,40.8529],[-73.8774,40.8554],[-73.8808,40.8571],[-73.8817,40.8533],[-73.8827,40.8537],[-73.8838,40.8515],[-73.8922,40.841],[-73.8887,40.8392],[-73.8881,40.8399],[-73.8866,40.8393],[-73.8873,40.8381],[-73.8884,40.8386],[-73.897,40.8343],[-73.8963,40.8335]]]},"properties":{"modzcta":"10460","label":"10460","zcta":"10460","pop_est":"59505"}},
{"type":"Feature","geometry":{"type":"Polygon","coordinates":[[[-73.8428,40.8308],[-73.8396,40.834],[-73.8397,40.8396],[-73.8394,40.8409],[-73.8384,40.8407],[-73.8386,40.835],[-73.8364,40.8358],[-73.8353,40.8339],[-73.8322,40.8353],[-73.8292,40.8344],[-73.8284,40.8333],[-73.8312,40.8311],[-73.826,40.834],[-73.8255,40.8352],[-73.8262,40.843],[-73.8252,40.8427],[-73.825,40.8461],[-73.8269,40.8489],[-73.8264,40.8559],[-73.8283,40.8609],[-73.8327,40.8561],[-73.8465,40.8586],[-73.8618,40.858],[-73.8597,40.8539],[-73.853,40.8453],[-73.8522,40.8457],[-73.8511,40.8443],[-73.8552,40.843],[-73.8533,40.8425],[-73.8531,40.841],[-73.8456,40.8357],[-73.8442,40.8351],[-73.84,40.8357],[-73.8446,40.8313],[-73.8444,40.8306],[-73.8428,40.8308]]]},"properties":{"modzcta":"10461","label":"10461","zcta":"10461","pop_est":"50348"}},
{"type":"Feature","geometry":{"type":"Polygon","coordinates":[[[-73.7,40.7393],[-73.7016,40.7525],[-73.7135,40.7598],[-73.7196,40.7585],[-73.723,40.7542],[-73.7212,40.7524],[-73.7218,40.7511],[-73.7204,40.7504],[-73.7175,40.7435],[-73.718,40.7434],[-73.7137,40.7362],[-73.7092,40.7371],[-73.7085,40.7351],[-73.7076,40.7355],[-73.7083,40.7373],[-73.7018,40.7383],[-73.7,40.7393]]]},"properties":{"modzcta":"11004","label":"11004, 11005","zcta":"11004, 11005, 11040","pop_est":"19216"}},
{"type":"Feature","geometry":{"type":"Polygon","coordinates":[[[-73.9098,40.7516],[-73.9115,40.7546],[-73.9126,40.7533],[-73.9165,40.7539],[-73.9161,40.7544],[-73.9225,40.7574],[-73.9265,40.7524],[-73.9379,40.7587],[-73.9433,40.7607],[-73.9425,40.762],[-73.9447,40.7629],[-73.9563,40.7491],[-73.9531,40.7481],[-73.9549,40.748],[-73.9562,40.7439],[-73.9597,40.7438],[-73.9616,40.742],[-73.9622,40.7383],[-73.9538,40.7398],[-73.9471,40.7379],[-73.9455,40.7382],[-73.9416,40.7399],[-73.94,40.7432],[-73.9386,40.7429],[-73.9415,40.7392],[-73.9459,40.7375],[-73.9416,40.7358],[-73.938,40.7305],[-73.9314,40.7287],[-73.9374,40.7338],[-73.9316,40.7368],[-73.9258,40.7357],[-73.9258,40.7363],[-73.9276,40.7366],[-73.9255,40.7474],[-73.9208,40.7469],[-73.9203,40.7496],[-73.9098,40.7516]]]},"properties":{"modzcta":"11101","label":"11101","zcta":"11101","pop_est":"30043"}},
{"type":"Feature","geometry":{"type":"Polygon","coordinates":[[[-73.8668,40.8348],[-73.8628,40.8337],[-73.8627,40.8329],[-73.8607,40.8336],[-73.8456,40.8284],[-73.8429,40.8286],[-73.8428,40.8308],[-73.8444,40.8306],[-73.8446,40.8313],[-73.84,40.8357],[-73.8442,40.8351],[-73.8456,40.8357],[-73.8531,40.841],[-73.8533,40.8425],[-73.8552,40.843],[-73.8511,40.8443],[-73.8522,40.8457],[-73.853,40.8453],[-73.8597,40.8539],[-73.8618,40.858],[-73.8684,40.8578],[-73.8717,40.8547],[-73.8718,40.8438],[-73.8702,40.8454],[-73.8686,40.845],[-73.8652,40.8425],[-73.8629,40.8343],[-73.8651,40.8353],[-73.8668,40.8348]]]},"properties":{"modzcta":"10462","label":"10462","zcta":"10462","pop_est":"76756"}},
{"type":"Feature","geometry":{"type":"Polygon","coordinates":[[[-73.9083,40.8672],[-73.9036,40.87],[-73.9017,40.8763],[-73.8996,40.8766],[-73.9004,40.8746],[-73.8985,40.8738],[-73.8973,40.8714],[-73.888,40.8828],[-73.8872,40.8828],[-73.8871,40.8843],[-73.896,40.8858],[-73.9024,40.8873],[-73.9029,40.8895],[-73.9044,40.8902],[-73.9055,40.8902],[-73.9063,40.8876],[-73.909,40.8895],[-73.9129,40.8898],[-73.9127,40.8906],[-73.9163,40.8913],[-73.9167,40.8869],[-73.914,40.8864],[-73.9159,40.8849],[-73.9188,40.8856],[-73.9187,40.8869],[-73.9206,40.8872],[-73.9249,40.8789],[-73.9227,40.8789],[-73.9191,40.8761],[-73.9113,40.8743],[-73.9089,40.8722],[-73.9084,40.8689],[-73.9061,40.8732],[-73.9083,40.8673],[-73.9083,40.8672]]]},"properties":{"modzcta":"10463","label":"10463","zcta":"10463","pop_est":"71360"}},
{"type":"Feature","geometry":{"type":"MultiPolygon","coordinates":[[[[-73.8151,40.8631],[-73.814,40.8641],[-73.8111,40.8625],[-73.8076,40.8585],[-73.808,40.8602],[-73.8061,40.8599],[-73.8062,40.8616],[-73.8048,40.8615],[-73.8035,40.8556],[-73.8045,40.8549],[-73.8042,40.8533],[-73.8003,40.8481],[-73.7978,40.8519],[-73.7987,40.8549],[-73.7969,40.8563],[-73.7944,40.8565],[-73.7945,40.8589],[-73.7935,40.8606],[-73.7919,40.8608],[-73.7915,40.8622],[-73.7927,40.8641],[-73.7914,40.8681],[-73.788,40.8698],[-73.786,40.8696],[-73.7856,40.8683],[-73.7831,40.8717],[-73.784,40.8728],[-73.7853,40.8717],[-73.7851,40.8736],[-73.7862,40.8724],[-73.7872,40.8727],[-73.7844,40.8784],[-73.7895,40.879],[-73.7898,40.8812],[-73.7938,40.8786],[-73.7944,40.8776],[-73.7932,40.8771],[-73.7948,40.8732],[-73.7978,40.8723],[-73.8023,40.8656],[-73.803,40.867],[-73.8046,40.8666],[-73.8049,40.8682],[-73.8067,40.8688],[-73.8084,40.8712],[-73.8059,40.8691],[-73.803,40.8692],[-73.8043,40.8712],[-73.8034,40.8725],[-73.8025,40.8705],[-73.8009,40.8716],[-73.7998,40.8742],[-73.7974,40.8751],[-73.795,40.8797],[-73.7955,40.8807],[-73.793,40.8834],[-73.8152,40.889],[-73.8153,40.8867],[-73.8203,40.8855],[-73.8201,40.8821],[-73.8233,40.8731],[-73.8213,40.8691],[-73.8158,40.8658],[-73.8168,40.8643],[-73.8152,40.8656],[-73.8151,40.8631]]],[[[-73.7828,40.8374],[-73.7819,40.8377],[-73.7814,40.8407],[-73.7835,40.8437],[-73.7814,40.8475],[-73.7827,40.8481],[-73.7815,40.8487],[-73.7842,40.8501],[-73.7846,40.8511],[-73.7836,40.8516],[-73.7859,40.8518],[-73.788,40.8535],[-73.7871,40.854],[-73.7883,40.8541],[-73.789,40.8585],[-73.7899,40.8585],[-73.7925,40.8559],[-73.7904,40.853],[-73.7914,40.8528],[-73.7911,40.8521],[-73.7902,40.8523],[-73.7895,40.8513],[-73.7915,40.847],[-73.7874,40.8398],[-73.7859,40.8394],[-73.7842,40.8368],[-73.7828,40.8363],[-73.7828,40.8374]]]]},"properties":{"modzcta":"10464","label":"10464","zcta":"10464","pop_est":"4434"}},
{"type":"Feature","geometry":{"type":"Polygon","coordinates":[[[-73.8397,40.8396],[-73.8389,40.8337],[-73.8423,40.8291],[-73.8389,40.8221],[-73.8404,40.8125],[-73.8373,40.8061],[-73.8316,40.8049],[-73.8321,40.8083],[-73.8302,40.8108],[-73.8162,40.8139],[-73.8099,40.8129],[-73.8039,40.8085],[-73.8017,40.809],[-73.7934,40.8042],[-73.791,40.8043],[-73.7901,40.8054],[-73.7909,40.8073],[-73.7923,40.8068],[-73.8015,40.8106],[-73.8023,40.81],[-73.8039,40.8121],[-73.805,40.8122],[-73.807,40.8165],[-73.8047,40.8152],[-73.8031,40.8125],[-73.8015,40.8129],[-73.799,40.8155],[-73.7974,40.8158],[-73.8007,40.818],[-73.8041,40.8186],[-73.806,40.8214],[-73.8062,40.8226],[-73.8077,40.8259],[-73.814,40.8243],[-73.8131,40.8249],[-73.8139,40.8268],[-73.8126,40.8278],[-73.8099,40.8282],[-73.8128,40.8282],[-73.8159,40.8337],[-73.8155,40.836],[-73.8165,40.8377],[-73.8147,40.8397],[-73.8154,40.8424],[-73.8182,40.8444],[-73.8134,40.8437],[-73.8142,40.8447],[-73.8126,40.8449],[-73.814,40.8456],[-73.8132,40.8462],[-73.815,40.8455],[-73.8145,40.8462],[-73.8161,40.8465],[-73.8151,40.8491],[-73.8205,40.8485],[-73.825,40.8461],[-73.8252,40.8427],[-73.8262,40.843],[-73.8255,40.8352],[-73.826,40.834],[-73.8312,40.8311],[-73.8284,40.8333],[-73.8292,40.8344],[-73.8322,40.8353],[-73.8353,40.8339],[-73.8364,40.8358],[-73.8386,40.835],[-73.8384,40.8407],[-73.8394,40.8409],[-73.8397,40.8396]]]},"properties":{"modzcta":"10465","label":"10465","zcta":"10465","pop_est":"44205"}},
{"type":"Feature","geometry":{"type":"Polygon","coordinates":[[[-73.8557,40.8842],[-73.8427,40.8794],[-73.8387,40.8813],[-73.8196,40.8903],[-73.8229,40.8912],[-73.8227,40.8896],[-73.8384,40.8941],[-73.8397,40.8973],[-73.8392,40.8994],[-73.8414,40.9042],[-73.8449,40.9047],[-73.8468,40.9015],[-73.8495,40.903],[-73.8534,40.8981],[-73.8554,40.8989],[-73.8562,40.8976],[-73.857,40.8979],[-73.8562,40.8992],[-73.8594,40.9004],[-73.8629,40.8952],[-73.8614,40.8947],[-73.8654,40.8869],[-73.8557,40.8842]]]},"properties":{"modzcta":"10466","label":"10466","zcta":"10466","pop_est":"72479"}},
{"type":"Feature","geometry":{"type":"Polygon","coordinates":[[[-73.8799,40.8684],[-73.8752,40.8716],[-73.8709,40.8785],[-73.8694,40.8781],[-73.8711,40.8573],[-73.8684,40.8578],[-73.8618,40.858],[-73.8615,40.8678],[-73.8624,40.8696],[-73.8614,40.8696],[-73.8613,40.8741],[-73.8557,40.8842],[-73.8654,40.8869],[-73.8614,40.8947],[-73.8629,40.8952],[-73.8636,40.8954],[-73.867,40.8891],[-73.8708,40.8805],[-73.8749,40.8799],[-73.8747,40.8816],[-73.8781,40.8822],[-73.8778,40.8868],[-73.8804,40.8935],[-73.8802,40.8946],[-73.8781,40.9059],[-73.8861,40.9083],[-73.8867,40.9003],[-73.8848,40.8985],[-73.8849,40.8954],[-73.8876,40.8898],[-73.8944,40.8874],[-73.8962,40.8862],[-73.8948,40.8861],[-73.896,40.8858],[-73.8871,40.8843],[-73.8872,40.8828],[-73.8848,40.8784],[-73.8832,40.8734],[-73.8799,40.8684]]]},"properties":{"modzcta":"10467","label":"10467","zcta":"10467","pop_est":"103732"}},
{"type":"Feature","geometry":{"type":"Polygon","coordinates":[[[-73.9,40.8574],[-73.8917,40.8695],[-73.8875,40.8725],[-73.8848,40.8784],[-73.8872,40.8828],[-73.888,40.8828],[-73.8973,40.8714],[-73.8985,40.8738],[-73.9004,40.8746],[-73.8996,40.8766],[-73.9017,40.8763],[-73.9036,40.87],[-73.9083,40.8672],[-73.9083,40.8673],[-73.9061,40.8732],[-73.9084,40.8689],[-73.9089,40.8722],[-73.9123,40.8636],[-73.919,40.8574],[-73.9174,40.8571],[-73.9172,40.8559],[-73.9162,40.8588],[-73.911,40.8606],[-73.9,40.8574]]]},"properties":{"modzcta":"10468","label":"10468","zcta":"10468","pop_est":"78647"}},
{"type":"Feature","geometry":{"type":"Polygon","coordinates":[[[-73.8283,40.8609],[-73.8332,40.8683],[-73.8353,40.8753],[-73.8387,40.8813],[-73.8427,40.8794],[-73.8557,40.8842],[-73.8613,40.8741],[-73.8614,40.8696],[-73.8624,40.8696],[-73.8615,40.8678],[-73.8618,40.858],[-73.8465,40.8586],[-73.8327,40.8561],[-73.8283,40.8609]]]},"properties":{"modzcta":"10469","label":"10469","zcta":"10469","pop_est":"73870"}},
{"type":"Feature","geometry":{"type":"Polygon","coordinates":[[[-73.8449,40.9047],[-73.8448,40.9055],[-73.8502,40.9075],[-73.8509,40.9066],[-73.8535,40.9075],[-73.8515,40.9104],[-73.8546,40.9089],[-73.8537,40.9078],[-73.8568,40.9062],[-73.856,40.9053],[-73.8572,40.9053],[-73.8582,40.9023],[-73.8596,40.9024],[-73.8595,40.9005],[-73.8781,40.9059],[-73.8802,40.8946],[-73.8804,40.8935],[-73.8778,40.8868],[-73.8781,40.8822],[-73.8747,40.8816],[-73.8749,40.8799],[-73.8708,40.8805],[-73.867,40.8891],[-73.8636,40.8954],[-73.8629,40.8952],[-73.8594,40.9004],[-73.8562,40.8992],[-73.857,40.8979],[-73.8562,40.8976],[-73.8554,40.8989],[-73.8534,40.8981],[-73.8495,40.903],[-73.8468,40.9015],[-73.8449,40.9047]]]},"properties":{"modzcta":"10470","label":"10470","zcta":"10470","pop_est":"15432"}},
{"type":"Feature","geometry":{"type":"Polygon","coordinates":[[[-73.92,40.7826],[-73.9286,40.7766],[-73.9299,40.7762],[-73.9327,40.778],[-73.9361,40.7772],[-73.9378,40.7736],[-73.9375,40.7725],[-73.9345,40.7712],[-73.9352,40.7695],[-73.9286,40.7667],[-73.9278,40.7676],[-73.926,40.7667],[-73.9264,40.7657],[-73.9219,40.7636],[-73.9163,40.7697],[-73.9149,40.7695],[-73.916,40.7702],[-73.9143,40.7715],[-73.9215,40.7766],[-73.9209,40.7772],[-73.922,40.778],[-73.918,40.7813],[-73.92,40.7826]]]},"properties":{"modzcta":"11102","label":"11102","zcta":"11102","pop_est":"30800"}},
{"type":"Feature","geometry":{"type":"Polygon","coordinates":[[[-73.9549,40.748],[-73.9568,40.7488],[-73.9597,40.7438],[-73.9562,40.7439],[-73.9549,40.748]]]},"properties":{"modzcta":"11109","label":"11109","zcta":"11109","pop_est":"5981"}},
{"type":"Feature","geometry":{"type":"Polygon","coordinates":[[[-73.896,40.8858],[-73.8948,40.8861],[-73.8962,40.8862],[-73.8944,40.8874],[-73.8876,40.8898],[-73.8849,40.8954],[-73.8848,40.8985],[-73.8867,40.9003],[-73.8861,40.9083],[-73.9103,40.9155],[-73.9206,40.8872],[-73.9187,40.8869],[-73.9188,40.8856],[-73.9159,40.8849],[-73.914,40.8864],[-73.9167,40.8869],[-73.9163,40.8913],[-73.9127,40.8906],[-73.9129,40.8898],[-73.909,40.8895],[-73.9063,40.8876],[-73.9055,40.8902],[-73.9044,40.8902],[-73.9029,40.8895],[-73.9024,40.8873],[-73.896,40.8858]]]},"properties":{"modzcta":"10471","label":"10471","zcta":"10471","pop_est":"21896"}},
{"type":"Feature","geometry":{"type":"Polygon","coordinates":[[[-73.8844,40.823],[-73.8456,40.8284],[-73.8607,40.8336],[-73.8627,40.8329],[-73.8628,40.8337],[-73.8668,40.8348],[-73.8765,40.8362],[-73.8767,40.8362],[-73.8793,40.8344],[-73.8801,40.8347],[-73.8839,40.8298],[-73.8844,40.823]]]},"properties":{"modzcta":"10472","label":"10472","zcta":"10472","pop_est":"68796"}},
{"type":"Feature","geometry":{"type":"Polygon","coordinates":[[[-73.8456,40.8284],[-73.8844,40.823],[-73.8842,40.8226],[-73.882,40.8194],[-73.8765,40.8161],[-73.8708,40.8145],[-73.8677,40.8106],[-73.8608,40.8097],[-73.8594,40.8082],[-73.8601,40.8096],[-73.8589,40.8103],[-73.8592,40.8063],[-73.8586,40.8067],[-73.8581,40.8055],[-73.8556,40.8051],[-73.8562,40.8047],[-73.8486,40.8047],[-73.8475,40.8054],[-73.85,40.8086],[-73.8491,40.8122],[-73.8512,40.8136],[-73.8554,40.8143],[-73.8506,40.8139],[-73.8472,40.8106],[-73.8462,40.8107],[-73.842,40.8188],[-73.84,40.8199],[-73.8429,40.8286],[-73.8456,40.8284]]]},"properties":{"modzcta":"10473","label":"10473","zcta":"10473","pop_est":"59609"}},
{"type":"Feature","geometry":{"type":"Polygon","coordinates":[[[-73.9022,40.8049],[-73.8951,40.8069],[-73.895,40.8062],[-73.8893,40.8059],[-73.8851,40.8021],[-73.8792,40.8028],[-73.8747,40.801],[-73.8717,40.8015],[-73.8681,40.8068],[-73.8717,40.8133],[-73.8767,40.8154],[-73.8824,40.8189],[-73.8842,40.8226],[-73.8844,40.823],[-73.8902,40.821],[-73.8954,40.8158],[-73.903,40.8094],[-73.9022,40.8049]]]},"properties":{"modzcta":"10474","label":"10474","zcta":"10474","pop_est":"12127"}},
{"type":"Feature","geometry":{"type":"MultiPolygon","coordinates":[[[[-73.9043,40.7675],[-73.9036,40.7658],[-73.902,40.7674],[-73.9043,40.7675]]],[[[-73.9143,40.7715],[-73.916,40.7702],[-73.9149,40.7695],[-73.9163,40.7697],[-73.9219,40.7636],[-73.919,40.7622],[-73.9225,40.7574],[-73.9161,40.7544],[-73.9165,40.7539],[-73.9126,40.7533],[-73.9115,40.7546],[-73.9126,40.756],[-73.9107,40.7583],[-73.9092,40.7581],[-73.9065,40.7621],[-73.9055,40.7616],[-73.9045,40.7646],[-73.9037,40.7642],[-73.9037,40.7656],[-73.9044,40.767],[-73.9053,40.7677],[-73.9045,40.7676],[-73.9058,40.768],[-73.9109,40.7688],[-73.9102,40.7694],[-73.9143,40.7715]]]]},"properties":{"modzcta":"11103","label":"11103","zcta":"11103","pop_est":"36140"}},
{"type":"Feature","geometry":{"type":"Polygon","coordinates":[[[-73.825,40.8461],[-73.8205,40.8485],[-73.8151,40.8491],[-73.8171,40.8523],[-73.8164,40.8541],[-73.8123,40.8542],[-73.8127,40.8589],[-73.8138,40.8606],[-73.8164,40.8612],[-73.8184,40.861],[-73.8186,40.8595],[-73.8205,40.8591],[-73.822,40.8593],[-73.822,40.8601],[-73.8228,40.8601],[-73.8217,40.8606],[-73.8211,40.8593],[-73.821,40.86],[-73.82,40.8599],[-73.8203,40.861],[-73.8168,40.8643],[-73.8158,40.8658],[-73.8213,40.8691],[-73.8233,40.8731],[-73.8201,40.8821],[-73.8203,40.8855],[-73.8153,40.8867],[-73.8152,40.889],[-73.8196,40.8903],[-73.8387,40.8813],[-73.8353,40.8753],[-73.8332,40.8683],[-73.8283,40.8609],[-73.8264,40.8559],[-73.8269,40.8489],[-73.825,40.8461]]]},"properties":{"modzcta":"10475","label":"10475","zcta":"10475","pop_est":"43208"}},
{"type":"Feature","geometry":{"type":"Polygon","coordinates":[[[-73.99,40.6833],[-73.9866,40.6884],[-73.9844,40.6876],[-73.9821,40.6894],[-73.9803,40.6886],[-73.9804,40.6899],[-73.9731,40.6896],[-73.9739,40.6933],[-73.9792,40.6935],[-73.9801,40.6947],[-73.9804,40.6962],[-73.9795,40.6965],[-73.9804,40.6966],[-73.9809,40.7019],[-73.9791,40.7055],[-73.9902,40.7049],[-73.9909,40.704],[-73.9921,40.7047],[-73.9947,40.7043],[-74.0017,40.6924],[-74.001,40.6901],[-74.003,40.6904],[-74.0059,40.6862],[-74.0077,40.6863],[-74.0024,40.6857],[-74.0014,40.6877],[-73.99,40.6833]]]},"properties":{"modzcta":"11201","label":"11201","zcta":"11201","pop_est":"62823"}},
{"type":"Feature","geometry":{"type":"Polygon","coordinates":[[[-73.9465,40.6401],[-73.9436,40.6396],[-73.9427,40.6403],[-73.9425,40.639],[-73.9378,40.6393],[-73.9375,40.6369],[-73.9356,40.637],[-73.9343,40.6339],[-73.9215,40.6413],[-73.9197,40.6428],[-73.9217,40.6427],[-73.92,40.6447],[-73.9213,40.6525],[-73.9208,40.6526],[-73.9218,40.6544],[-73.9272,40.6585],[-73.9316,40.6636],[-73.94,40.663],[-73.9428,40.6628],[-73.9426,40.6606],[-73.9477,40.6603],[-73.9473,40.6564],[-73.9465,40.6491],[-73.9475,40.649],[-73.9472,40.647],[-73.9459,40.6434],[-73.9465,40.6401]]]},"properties":{"modzcta":"11203","label":"11203","zcta":"11203","pop_est":"75451"}},
{"type":"Feature","geometry":{"type":"Polygon","coordinates":[[[-73.973,40.6088],[-73.9753,40.6209],[-73.9771,40.6215],[-73.9758,40.6211],[-73.9768,40.6235],[-73.9758,40.6236],[-73.9766,40.6276],[-73.9796,40.6293],[-73.9772,40.6307],[-73.9782,40.6303],[-73.9801,40.6324],[-73.9796,40.6329],[-73.9785,40.6323],[-73.9788,40.6337],[-73.9814,40.635],[-73.9973,40.6197],[-74.0008,40.6163],[-73.994,40.6122],[-73.9946,40.6116],[-73.9874,40.6081],[-73.9884,40.6071],[-73.9873,40.6072],[-73.973,40.6088]]]},"properties":{"modzcta":"11204","label":"11204","zcta":"11204","pop_est":"76978"}},
{"type":"Feature","geometry":{"type":"Polygon","coordinates":[[[-73.9731,40.6896],[-73.9727,40.6874],[-73.9717,40.6875],[-73.9721,40.6896],[-73.9711,40.6895],[-73.9708,40.6876],[-73.9648,40.6883],[-73.9652,40.6898],[-73.9603,40.6903],[-73.96,40.6889],[-73.9572,40.6892],[-73.9571,40.6885],[-73.9515,40.6896],[-73.9518,40.6917],[-73.9534,40.6994],[-73.957,40.699],[-73.9658,40.6976],[-73.9733,40.6979],[-73.9726,40.6996],[-73.9736,40.7004],[-73.9755,40.6992],[-73.9768,40.7009],[-73.9759,40.7019],[-73.9791,40.7055],[-73.9809,40.7019],[-73.9804,40.6966],[-73.9795,40.6965],[-73.9804,40.6962],[-73.9801,40.6947],[-73.9792,40.6935],[-73.9739,40.6933],[-73.9731,40.6896]]]},"properties":{"modzcta":"11205","label":"11205","zcta":"11205","pop_est":"46064"}},
{"type":"Feature","geometry":{"type":"Polygon","coordinates":[[[-73.9518,40.6917],[-73.9458,40.6928],[-73.9456,40.692],[-73.9372,40.6938],[-73.9371,40.693],[-73.9341,40.6934],[-73.9352,40.697],[-73.9278,40.6996],[-73.929,40.7003],[-73.9276,40.7018],[-73.9312,40.7038],[-73.9348,40.7134],[-73.9383,40.7125],[-73.9377,40.7112],[-73.9403,40.7105],[-73.9407,40.712],[-73.9428,40.711],[-73.9439,40.7116],[-73.947,40.7106],[-73.9472,40.7113],[-73.9511,40.711],[-73.9502,40.7055],[-73.9544,40.7037],[-73.9538,40.7032],[-73.9575,40.7008],[-73.957,40.699],[-73.9534,40.6994],[-73.9518,40.6917]]]},"properties":{"modzcta":"11206","label":"11206","zcta":"11206","pop_est":"88349"}},
{"type":"Feature","geometry":{"type":"Polygon","coordinates":[[[-73.9035,40.6755],[-73.9004,40.6638],[-73.9015,40.6637],[-73.899,40.6574],[-73.898,40.6538],[-73.8976,40.6535],[-73.8956,40.6531],[-73.8934,40.6509],[-73.8914,40.6524],[-73.89,40.6511],[-73.8822,40.6545],[-73.8784,40.6493],[-73.8767,40.6504],[-73.8792,40.6546],[-73.8797,40.6556],[-73.8758,40.6573],[-73.8832,40.6664],[-73.8836,40.6679],[-73.8828,40.668],[-73.8854,40.6748],[-73.8845,40.6749],[-73.8865,40.6834],[-73.8882,40.6826],[-73.8896,40.6842],[-73.8902,40.685],[-73.8926,40.6835],[-73.8942,40.6853],[-73.8965,40.6823],[-73.9012,40.6879],[-73.9004,40.6882],[-73.9021,40.692],[-73.9036,40.6904],[-73.9089,40.6934],[-73.916,40.6861],[-73.9115,40.6835],[-73.9117,40.6824],[-73.91,40.6827],[-73.9035,40.6789],[-73.9033,40.6779],[-73.9044,40.6779],[-73.9027,40.6758],[-73.9035,40.6755]]]},"properties":{"modzcta":"11207","label":"11207","zcta":"11207","pop_est":"91972"}},
{"type":"Feature","geometry":{"type":"Polygon","coordinates":[[[-74.0194,40.6029],[-74.0155,40.6068],[-74.017,40.6077],[-74.0182,40.6069],[-74.0202,40.6072],[-74.0244,40.6095],[-74.0228,40.6146],[-74.025,40.6157],[-74.0264,40.6125],[-74.0275,40.6129],[-74.0252,40.6167],[-74.0197,40.6222],[-74.016,40.631],[-74.026,40.6357],[-74.036,40.6388],[-74.0364,40.6368],[-74.0384,40.6357],[-74.0411,40.6302],[-74.0419,40.6244],[-74.0402,40.615],[-74.036,40.6093],[-74.0321,40.6059],[-74.03,40.6048],[-74.0194,40.6029]]]},"properties":{"modzcta":"11209","label":"11209","zcta":"11209, 11425","pop_est":"67809"}},
{"type":"Feature","geometry":{"type":"MultiPolygon","coordinates":[[[[-73.8792,40.6546],[-73.8673,40.6399],[-73.862,40.6429],[-73.8572,40.6437],[-73.8584,40.6473],[-73.8572,40.6503],[-73.861,40.6552],[-73.8631,40.6561],[-73.8627,40.6576],[-73.8632,40.6583],[-73.8604,40.6596],[-73.8576,40.6601],[-73.8584,40.6635],[-73.8557,40.6639],[-73.8576,40.6717],[-73.8604,40.6713],[-73.8613,40.675],[-73.8623,40.6792],[-73.8633,40.6791],[-73.8641,40.6824],[-73.866,40.6819],[-73.8663,40.6832],[-73.8689,40.6951],[-73.874,40.6942],[-73.8795,40.6911],[-73.8845,40.6867],[-73.8896,40.6842],[-73.8882,40.6826],[-73.8865,40.6834],[-73.8845,40.6749],[-73.8854,40.6748],[-73.8828,40.668],[-73.8836,40.6679],[-73.8832,40.6664],[-73.8758,40.6573],[-73.8797,40.6556],[-73.8792,40.6546]]],[[[-73.8784,40.6493],[-73.8746,40.6456],[-73.8739,40.6464],[-73.8767,40.6504],[-73.8784,40.6493]]]]},"properties":{"modzcta":"11208","label":"11208","zcta":"11208","pop_est":"98660"}},
{"type":"Feature","geometry":{"type":"Polygon","coordinates":[[[-73.9465,40.6401],[-73.9494,40.6399],[-73.9492,40.6385],[-73.9536,40.6384],[-73.9543,40.6391],[-73.9584,40.6363],[-73.9582,40.6353],[-73.9572,40.6354],[-73.9564,40.6312],[-73.9573,40.6305],[-73.9571,40.6296],[-73.9561,40.6297],[-73.9549,40.6235],[-73.9559,40.6233],[-73.9536,40.6163],[-73.9535,40.6136],[-73.9526,40.6111],[-73.9507,40.6113],[-73.9503,40.6139],[-73.9493,40.614],[-73.9491,40.6131],[-73.9466,40.6148],[-73.947,40.617],[-73.9461,40.6171],[-73.9457,40.6154],[-73.9448,40.616],[-73.9424,40.6186],[-73.9427,40.6199],[-73.9408,40.6201],[-73.94,40.6212],[-73.9403,40.6226],[-73.9356,40.6236],[-73.9369,40.6252],[-73.9343,40.6249],[-73.9334,40.6257],[-73.9349,40.6301],[-73.9339,40.6302],[-73.9341,40.6325],[-73.9352,40.6332],[-73.9343,40.6339],[-73.9356,40.637],[-73.9375,40.6369],[-73.9378,40.6393],[-73.9425,40.639],[-73.9427,40.6403],[-73.9436,40.6396],[-73.9465,40.6401]]]},"properties":{"modzcta":"11210","label":"11210","zcta":"11210","pop_est":"67040"}},
{"type":"Feature","geometry":{"type":"MultiPolygon","coordinates":[[[[-73.957,40.699],[-73.9575,40.7008],[-73.9538,40.7032],[-73.9544,40.7037],[-73.9502,40.7055],[-73.9511,40.711],[-73.9472,40.7113],[-73.947,40.7106],[-73.9439,40.7116],[-73.9428,40.711],[-73.9407,40.712],[-73.9403,40.7105],[-73.9377,40.7112],[-73.9383,40.7125],[-73.9348,40.7134],[-73.9314,40.7143],[-73.9322,40.715],[-73.9295,40.7157],[-73.9289,40.7177],[-73.9247,40.7187],[-73.9278,40.725],[-73.9356,40.723],[-73.935,40.7217],[-73.9365,40.7212],[-73.9353,40.7185],[-73.9403,40.7179],[-73.9406,40.7192],[-73.9501,40.7183],[-73.9516,40.7235],[-73.9548,40.7206],[-73.956,40.7214],[-73.9548,40.7225],[-73.9563,40.7234],[-73.9557,40.7239],[-73.9576,40.7251],[-73.9581,40.7244],[-73.9621,40.7251],[-73.963,40.722],[-73.9673,40.717],[-73.9701,40.7105],[-73.9693,40.7051],[-73.9675,40.7034],[-73.9722,40.7065],[-73.9735,40.7057],[-73.969,40.7017],[-73.9728,40.7033],[-73.9695,40.7005],[-73.9728,40.7027],[-73.9708,40.7],[-73.9732,40.7017],[-73.9724,40.7002],[-73.9741,40.7013],[-73.9756,40.6995],[-73.9746,40.7016],[-73.9759,40.7019],[-73.9768,40.7009],[-73.9755,40.6992],[-73.9736,40.7004],[-73.9726,40.6996],[-73.9733,40.6979],[-73.9658,40.6976],[-73.957,40.699]]],[[[-73.9557,40.7239],[-73.9545,40.7232],[-73.9551,40.7243],[-73.9557,40.7239]]],[[[-73.9231,40.7164],[-73.9246,40.718],[-73.9282,40.7171],[-73.9284,40.7155],[-73.931,40.7144],[-73.9231,40.7164]]]]},"properties":{"modzcta":"11211","label":"11211, 11249","zcta":"11211","pop_est":"102624"}},
{"type":"Feature","geometry":{"type":"Polygon","coordinates":[[[-73.9218,40.6544],[-73.921,40.6549],[-73.9185,40.6537],[-73.9107,40.6542],[-73.9032,40.6553],[-73.899,40.6574],[-73.9015,40.6637],[-73.9004,40.6638],[-73.9035,40.6755],[-73.9149,40.6705],[-73.917,40.6707],[-73.9171,40.6698],[-73.92,40.6695],[-73.9184,40.669],[-73.9242,40.6664],[-73.9316,40.6636],[-73.9272,40.6585],[-73.9218,40.6544]]]},"properties":{"modzcta":"11212","label":"11212","zcta":"11212","pop_est":"76527"}},
{"type":"Feature","geometry":{"type":"Polygon","coordinates":[[[-73.9316,40.6636],[-73.9242,40.6664],[-73.9256,40.6685],[-73.925,40.6747],[-73.9305,40.6758],[-73.9291,40.6793],[-73.9374,40.6797],[-73.9412,40.6799],[-73.9419,40.6761],[-73.9471,40.6765],[-73.9477,40.6697],[-73.9481,40.6661],[-73.9425,40.6658],[-73.9427,40.6641],[-73.94,40.663],[-73.9316,40.6636]]]},"properties":{"modzcta":"11213","label":"11213","zcta":"11213","pop_est":"66295"}},
{"type":"Feature","geometry":{"type":"Polygon","coordinates":[[[-73.9772,40.6307],[-73.9654,40.6363],[-73.9653,40.6408],[-73.9662,40.6404],[-73.9669,40.6441],[-73.9659,40.6442],[-73.9664,40.6465],[-73.9673,40.6465],[-73.9675,40.6477],[-73.9667,40.648],[-73.967,40.6499],[-73.9647,40.6509],[-73.9662,40.6532],[-73.9724,40.6507],[-73.9752,40.6587],[-73.9767,40.6569],[-73.9759,40.6565],[-73.9766,40.6553],[-73.9798,40.6572],[-73.9818,40.6552],[-73.9803,40.6473],[-73.9891,40.6441],[-73.9919,40.6422],[-73.9858,40.6376],[-73.9852,40.6382],[-73.9829,40.6367],[-73.9814,40.635],[-73.9788,40.6337],[-73.9785,40.6323],[-73.9796,40.6329],[-73.9801,40.6324],[-73.9782,40.6303],[-73.9772,40.6307]]]},"properties":{"modzcta":"11218","label":"11218","zcta":"11218","pop_est":"74508"}},
{"type":"Feature","geometry":{"type":"Polygon","coordinates":[[[-74.0008,40.6163],[-74.0073,40.6101],[-74.0081,40.6105],[-74.0098,40.6088],[-74.0091,40.6084],[-74.0128,40.6054],[-74.0148,40.6021],[-74.0055,40.5975],[-74.0011,40.5925],[-73.9984,40.5935],[-74.0002,40.5914],[-73.9976,40.5919],[-73.9971,40.5913],[-73.9992,40.5889],[-73.9979,40.5883],[-73.9955,40.5895],[-73.995,40.5885],[-73.9941,40.5887],[-73.9996,40.5862],[-73.9981,40.5854],[-74.0004,40.5842],[-74.0002,40.5831],[-73.9954,40.5822],[-73.9903,40.5846],[-73.9916,40.5811],[-73.988,40.5796],[-73.986,40.5817],[-73.9858,40.5812],[-73.9838,40.5833],[-73.9826,40.5829],[-73.9828,40.5838],[-73.9875,40.6045],[-73.9873,40.6072],[-73.9884,40.6071],[-73.9874,40.6081],[-73.9946,40.6116],[-73.994,40.6122],[-74.0008,40.6163]]]},"properties":{"modzcta":"11214","label":"11214","zcta":"11214","pop_est":"92946"}},
{"type":"Feature","geometry":{"type":"Polygon","coordinates":[[[-73.9752,40.6587],[-73.9802,40.661],[-73.9704,40.6726],[-73.9709,40.6727],[-73.983,40.6774],[-73.9826,40.678],[-73.987,40.6797],[-73.9885,40.6795],[-73.9907,40.6758],[-73.9949,40.6759],[-73.9986,40.6718],[-73.9982,40.6712],[-73.9949,40.6668],[-73.9958,40.6655],[-73.9917,40.663],[-74.0022,40.653],[-73.9939,40.6471],[-73.9891,40.6441],[-73.9803,40.6473],[-73.9818,40.6552],[-73.9798,40.6572],[-73.9766,40.6553],[-73.9759,40.6565],[-73.9767,40.6569],[-73.9752,40.6587]]]},"properties":{"modzcta":"11215","label":"11215","zcta":"11215","pop_est":"70156"}},
{"type":"Feature","geometry":{"type":"Polygon","coordinates":[[[-73.9571,40.6885],[-73.9553,40.6792],[-73.953,40.6787],[-73.9528,40.6778],[-73.9552,40.6783],[-73.9573,40.6724],[-73.9568,40.6714],[-73.9577,40.6715],[-73.958,40.6707],[-73.9477,40.6697],[-73.9471,40.6765],[-73.9419,40.6761],[-73.9412,40.6799],[-73.9374,40.6797],[-73.9382,40.6839],[-73.9413,40.6838],[-73.944,40.684],[-73.9451,40.6891],[-73.9479,40.6888],[-73.9482,40.6902],[-73.9453,40.6906],[-73.9456,40.692],[-73.9458,40.6928],[-73.9518,40.6917],[-73.9515,40.6896],[-73.9571,40.6885]]]},"properties":{"modzcta":"11216","label":"11216","zcta":"11216","pop_est":"56308"}},
{"type":"Feature","geometry":{"type":"Polygon","coordinates":[[[-73.99,40.6833],[-73.9909,40.6821],[-73.9887,40.6812],[-73.9885,40.6795],[-73.987,40.6797],[-73.9826,40.678],[-73.983,40.6774],[-73.9709,40.6727],[-73.9724,40.6772],[-73.9706,40.6822],[-73.9728,40.6829],[-73.973,40.6841],[-73.9721,40.6842],[-73.9736,40.6873],[-73.9727,40.6874],[-73.9731,40.6896],[-73.9804,40.6899],[-73.9803,40.6886],[-73.9821,40.6894],[-73.9844,40.6876],[-73.9866,40.6884],[-73.99,40.6833]]]},"properties":{"modzcta":"11217","label":"11217, 11243","zcta":"11217","pop_est":"41407"}},
{"type":"Feature","geometry":{"type":"Polygon","coordinates":[[[-73.9814,40.635],[-73.9829,40.6367],[-73.9852,40.6382],[-73.9858,40.6376],[-73.9919,40.6422],[-73.9891,40.6441],[-73.9939,40.6471],[-73.9977,40.6434],[-74.0033,40.6381],[-74.0005,40.6365],[-74.0012,40.636],[-74.0038,40.6375],[-74.008,40.6336],[-74.0063,40.6326],[-74.007,40.6321],[-74.0085,40.633],[-74.0121,40.6287],[-74.0061,40.625],[-74.0067,40.6245],[-73.9973,40.6197],[-73.9814,40.635]]]},"properties":{"modzcta":"11219","label":"11219","zcta":"11219","pop_est":"90036"}},
{"type":"Feature","geometry":{"type":"Polygon","coordinates":[[[-74.016,40.631],[-74.0121,40.6287],[-74.0085,40.633],[-74.007,40.6321],[-74.0063,40.6326],[-74.008,40.6336],[-74.0038,40.6375],[-74.0012,40.636],[-74.0005,40.6365],[-74.0033,40.6381],[-73.9977,40.6434],[-74.0021,40.6461],[-74.0068,40.6485],[-74.0062,40.649],[-74.0105,40.6516],[-74.0095,40.6528],[-74.0113,40.6511],[-74.0134,40.6525],[-74.0193,40.6469],[-74.0245,40.6509],[-74.0255,40.6498],[-74.0241,40.6476],[-74.0282,40.644],[-74.0305,40.6453],[-74.0323,40.6436],[-74.0341,40.6443],[-74.0367,40.6417],[-74.0357,40.6406],[-74.0384,40.6357],[-74.0364,40.6368],[-74.036,40.6388],[-74.026,40.6357],[-74.016,40.631]]]},"properties":{"modzcta":"11220","label":"11220","zcta":"11220","pop_est":"95643"}},
{"type":"Feature","geometry":{"type":"Polygon","coordinates":[[[-73.9456,40.692],[-73.9453,40.6906],[-73.9482,40.6902],[-73.9479,40.6888],[-73.9451,40.6891],[-73.944,40.684],[-73.9413,40.6838],[-73.9382,40.6839],[-73.9204,40.6859],[-73.918,40.6872],[-73.916,40.6861],[-73.9089,40.6934],[-73.9119,40.6951],[-73.9103,40.6967],[-73.9118,40.6976],[-73.9134,40.696],[-73.9164,40.6977],[-73.9178,40.6962],[-73.9276,40.7018],[-73.929,40.7003],[-73.9278,40.6996],[-73.9352,40.697],[-73.9341,40.6934],[-73.9371,40.693],[-73.9372,40.6938],[-73.9456,40.692]]]},"properties":{"modzcta":"11221","label":"11221","zcta":"11221","pop_est":"83835"}},
{"type":"Feature","geometry":{"type":"Polygon","coordinates":[[[-73.9557,40.7239],[-73.9563,40.7234],[-73.9548,40.7225],[-73.956,40.7214],[-73.9548,40.7206],[-73.9516,40.7235],[-73.9501,40.7183],[-73.9406,40.7192],[-73.9403,40.7179],[-73.9353,40.7185],[-73.9365,40.7212],[-73.935,40.7217],[-73.9356,40.723],[-73.9278,40.725],[-73.9296,40.7276],[-73.9381,40.7297],[-73.9424,40.7354],[-73.9462,40.7362],[-73.9471,40.7344],[-73.9465,40.7369],[-73.9547,40.7391],[-73.9592,40.7376],[-73.9623,40.7339],[-73.961,40.7288],[-73.9616,40.7259],[-73.9584,40.7254],[-73.9581,40.7244],[-73.9576,40.7251],[-73.9557,40.7239]],[[-73.9557,40.7239],[-73.9551,40.7243],[-73.9545,40.7232],[-73.9557,40.7239]]]},"properties":{"modzcta":"11222","label":"11222","zcta":"11222","pop_est":"36492"}},
{"type":"Feature","geometry":{"type":"Polygon","coordinates":[[[-73.9873,40.6072],[-73.9875,40.6045],[-73.9828,40.5838],[-73.9745,40.5832],[-73.9731,40.5834],[-73.9666,40.5846],[-73.9665,40.5851],[-73.9691,40.5849],[-73.9693,40.5856],[-73.9663,40.5859],[-73.9661,40.5867],[-73.9676,40.5865],[-73.9677,40.5872],[-73.9658,40.5881],[-73.9678,40.5879],[-73.968,40.5886],[-73.9656,40.5889],[-73.9651,40.5911],[-73.959,40.5918],[-73.9595,40.5946],[-73.9609,40.5944],[-73.961,40.5962],[-73.9598,40.5963],[-73.9607,40.6055],[-73.9617,40.6054],[-73.9624,40.61],[-73.973,40.6088],[-73.9873,40.6072]]]},"properties":{"modzcta":"11223","label":"11223","zcta":"11223","pop_est":"81789"}},
{"type":"Feature","geometry":{"type":"Polygon","coordinates":[[[-73.986,40.5817],[-73.9867,40.5798],[-73.9884,40.5788],[-73.9978,40.5806],[-73.998,40.5816],[-74.0076,40.5818],[-74.0123,40.5792],[-74.013,40.5779],[-74.012,40.5749],[-74.0025,40.5717],[-74.0021,40.5696],[-74.0008,40.5705],[-73.9908,40.5702],[-73.9806,40.5717],[-73.9794,40.5712],[-73.9786,40.5719],[-73.9777,40.5712],[-73.9768,40.5719],[-73.9754,40.5714],[-73.9734,40.5723],[-73.9732,40.5716],[-73.9725,40.5726],[-73.9712,40.5719],[-73.9709,40.5728],[-73.9693,40.5723],[-73.9686,40.5731],[-73.9594,40.5739],[-73.9594,40.5752],[-73.9664,40.5748],[-73.9699,40.5756],[-73.969,40.58],[-73.9676,40.5804],[-73.9673,40.5815],[-73.9711,40.582],[-73.9706,40.5832],[-73.9666,40.5846],[-73.9731,40.5834],[-73.9745,40.5832],[-73.9828,40.5838],[-73.9826,40.5829],[-73.9838,40.5833],[-73.9858,40.5812],[-73.986,40.5817]]]},"properties":{"modzcta":"11224","label":"11224","zcta":"11224","pop_est":"46707"}},
{"type":"Feature","geometry":{"type":"Polygon","coordinates":[[[-73.94,40.663],[-73.9427,40.6641],[-73.9425,40.6658],[-73.9481,40.6661],[-73.9477,40.6697],[-73.958,40.6707],[-73.9626,40.6716],[-73.961,40.6633],[-73.9624,40.6631],[-73.9629,40.6638],[-73.965,40.6622],[-73.9628,40.6572],[-73.9631,40.6555],[-73.9619,40.6549],[-73.9607,40.6553],[-73.9606,40.6567],[-73.9601,40.6568],[-73.9599,40.6556],[-73.9473,40.6564],[-73.9477,40.6603],[-73.9426,40.6606],[-73.9428,40.6628],[-73.94,40.663]]]},"properties":{"modzcta":"11225","label":"11225","zcta":"11225","pop_est":"58882"}},
{"type":"Feature","geometry":{"type":"Polygon","coordinates":[[[-73.9473,40.6564],[-73.9599,40.6556],[-73.9601,40.6568],[-73.9606,40.6567],[-73.9607,40.6553],[-73.9619,40.6549],[-73.9662,40.6532],[-73.9647,40.6509],[-73.967,40.6499],[-73.9667,40.648],[-73.9675,40.6477],[-73.9673,40.6465],[-73.9664,40.6465],[-73.9659,40.6442],[-73.9669,40.6441],[-73.9662,40.6404],[-73.9653,40.6408],[-73.9654,40.6363],[-73.9645,40.6367],[-73.9631,40.634],[-73.9584,40.6363],[-73.9543,40.6391],[-73.9536,40.6384],[-73.9492,40.6385],[-73.9494,40.6399],[-73.9465,40.6401],[-73.9459,40.6434],[-73.9472,40.647],[-73.9475,40.649],[-73.9465,40.6491],[-73.9473,40.6564]]]},"properties":{"modzcta":"11226","label":"11226","zcta":"11226","pop_est":"100277"}},
{"type":"Feature","geometry":{"type":"Polygon","coordinates":[[[-73.9973,40.6197],[-74.0067,40.6245],[-74.0061,40.625],[-74.0121,40.6287],[-74.016,40.631],[-74.0197,40.6222],[-74.0252,40.6167],[-74.0275,40.6129],[-74.0264,40.6125],[-74.025,40.6157],[-74.0228,40.6146],[-74.0244,40.6095],[-74.0202,40.6072],[-74.0182,40.6069],[-74.017,40.6077],[-74.0155,40.6068],[-74.0194,40.6029],[-74.0148,40.6021],[-74.0128,40.6054],[-74.0091,40.6084],[-74.0098,40.6088],[-74.0081,40.6105],[-74.0073,40.6101],[-74.0008,40.6163],[-73.9973,40.6197]]]},"properties":{"modzcta":"11228","label":"11228","zcta":"11228","pop_est":"44994"}},
{"type":"Feature","geometry":{"type":"Polygon","coordinates":[[[-73.973,40.6088],[-73.9624,40.61],[-73.9526,40.6111],[-73.9535,40.6136],[-73.9536,40.6163],[-73.9559,40.6233],[-73.9549,40.6235],[-73.9561,40.6297],[-73.9571,40.6296],[-73.9573,40.6305],[-73.9564,40.6312],[-73.9572,40.6354],[-73.9582,40.6353],[-73.9584,40.6363],[-73.9631,40.634],[-73.9645,40.6367],[-73.9654,40.6363],[-73.9772,40.6307],[-73.9796,40.6293],[-73.9766,40.6276],[-73.9758,40.6236],[-73.9768,40.6235],[-73.9758,40.6211],[-73.9771,40.6215],[-73.9753,40.6209],[-73.973,40.6088]]]},"properties":{"modzcta":"11230","label":"11230","zcta":"11230","pop_est":"89075"}},
{"type":"Feature","geometry":{"type":"Polygon","coordinates":[[[-73.8431,40.7092],[-73.8415,40.709],[-73.8359,40.7116],[-73.834,40.71],[-73.8348,40.7096],[-73.8342,40.7087],[-73.8362,40.7076],[-73.835,40.7071],[-73.8342,40.7053],[-73.8352,40.705],[-73.8348,40.7039],[-73.8337,40.7041],[-73.833,40.7026],[-73.8339,40.7023],[-73.8323,40.7008],[-73.8234,40.7038],[-73.8215,40.7037],[-73.822,40.7052],[-73.8185,40.7057],[-73.8186,40.7069],[-73.8257,40.7161],[-73.8431,40.7092]]]},"properties":{"modzcta":"11415","label":"11415","zcta":"11415, 11424","pop_est":"19372"}},
{"type":"Feature","geometry":{"type":"Polygon","coordinates":[[[-73.9526,40.6111],[-73.9624,40.61],[-73.9617,40.6054],[-73.9607,40.6055],[-73.9598,40.5963],[-73.961,40.5962],[-73.9609,40.5944],[-73.9595,40.5946],[-73.959,40.5918],[-73.9324,40.5952],[-73.9319,40.5947],[-73.93,40.594],[-73.9303,40.5921],[-73.9305,40.5915],[-73.9303,40.5898],[-73.9282,40.5888],[-73.924,40.5911],[-73.9278,40.5887],[-73.925,40.5857],[-73.9181,40.5866],[-73.9296,40.5968],[-73.9281,40.5978],[-73.9336,40.6027],[-73.9299,40.6051],[-73.9335,40.6083],[-73.9342,40.6079],[-73.936,40.6095],[-73.9375,40.6086],[-73.943,40.6135],[-73.9437,40.6129],[-73.9448,40.616],[-73.9457,40.6154],[-73.9461,40.6171],[-73.947,40.617],[-73.9466,40.6148],[-73.9491,40.6131],[-73.9493,40.614],[-73.9503,40.6139],[-73.9507,40.6113],[-73.9526,40.6111]]]},"properties":{"modzcta":"11229","label":"11229","zcta":"11229","pop_est":"83615"}},
{"type":"Feature","geometry":{"type":"Polygon","coordinates":[[[-74.0077,40.6863],[-74.0109,40.6845],[-74.0097,40.6833],[-74.013,40.6804],[-74.0149,40.6824],[-74.0193,40.6797],[-74.0195,40.679],[-74.0182,40.6786],[-74.0198,40.6766],[-74.0179,40.6763],[-74.0189,40.6751],[-74.0178,40.6753],[-74.0182,40.6744],[-74.0167,40.6732],[-74.0146,40.6744],[-74.0163,40.6729],[-74.0151,40.6722],[-74.013,40.6733],[-74.0144,40.6715],[-74.012,40.6709],[-74.0103,40.6691],[-74.0123,40.6657],[-74.0159,40.6655],[-74.0165,40.6649],[-74.0175,40.671],[-74.0193,40.6716],[-74.0179,40.6658],[-74.0169,40.6648],[-74.0158,40.6646],[-74.0115,40.6651],[-74.0099,40.6685],[-74.0066,40.6686],[-74.0054,40.6709],[-74.0048,40.6707],[-74.006,40.6681],[-74.0029,40.6673],[-74.0022,40.6686],[-74.0003,40.6687],[-73.9988,40.6716],[-73.9986,40.6718],[-73.9949,40.6759],[-73.9907,40.6758],[-73.9885,40.6795],[-73.9887,40.6812],[-73.9909,40.6821],[-73.99,40.6833],[-74.0014,40.6877],[-74.0024,40.6857],[-74.0077,40.6863]]]},"properties":{"modzcta":"11231","label":"11231","zcta":"11231","pop_est":"37845"}},
{"type":"Feature","geometry":{"type":"Polygon","coordinates":[[[-73.8075,40.7501],[-73.798,40.7487],[-73.7957,40.7502],[-73.7948,40.7484],[-73.7923,40.7483],[-73.787,40.7499],[-73.7874,40.7509],[-73.7862,40.7501],[-73.7801,40.7525],[-73.7845,40.7599],[-73.7859,40.7597],[-73.7854,40.7625],[-73.7893,40.7697],[-73.7916,40.7742],[-73.8039,40.7749],[-73.804,40.7742],[-73.8043,40.7721],[-73.8062,40.7722],[-73.8063,40.7712],[-73.8054,40.7711],[-73.8071,40.7683],[-73.8075,40.7622],[-73.8091,40.7503],[-73.8075,40.7501]]]},"properties":{"modzcta":"11358","label":"11358","zcta":"11358","pop_est":"37190"}},
{"type":"Feature","geometry":{"type":"Polygon","coordinates":[[[-73.9982,40.6712],[-73.9988,40.6696],[-73.999,40.6692],[-73.999,40.669],[-74,40.6674],[-74.0029,40.6665],[-73.9995,40.6644],[-74.0008,40.663],[-74.0049,40.6651],[-74.0034,40.663],[-74.0043,40.6614],[-74.0057,40.6623],[-74.0086,40.6595],[-74.0102,40.6605],[-74.0118,40.6589],[-74.0125,40.6593],[-74.0186,40.6535],[-74.0216,40.6549],[-74.0216,40.6536],[-74.0231,40.6542],[-74.0212,40.6527],[-74.022,40.6522],[-74.0238,40.653],[-74.0209,40.6512],[-74.0245,40.6509],[-74.0193,40.6469],[-74.0134,40.6525],[-74.0113,40.6511],[-74.0095,40.6528],[-74.0105,40.6516],[-74.0062,40.649],[-74.0051,40.6501],[-74.0007,40.6475],[-74.0021,40.6461],[-73.9977,40.6434],[-73.9939,40.6471],[-74.0022,40.653],[-73.9917,40.663],[-73.9958,40.6655],[-73.9949,40.6668],[-73.9982,40.6712]]]},"properties":{"modzcta":"11232","label":"11232","zcta":"11232","pop_est":"27602"}},
{"type":"Feature","geometry":{"type":"Polygon","coordinates":[[[-73.916,40.6861],[-73.918,40.6872],[-73.9204,40.6859],[-73.9382,40.6839],[-73.9374,40.6797],[-73.9291,40.6793],[-73.9305,40.6758],[-73.925,40.6747],[-73.9256,40.6685],[-73.9242,40.6664],[-73.9184,40.669],[-73.92,40.6695],[-73.9171,40.6698],[-73.917,40.6707],[-73.9149,40.6705],[-73.9035,40.6755],[-73.9027,40.6758],[-73.9044,40.6779],[-73.9033,40.6779],[-73.9035,40.6789],[-73.91,40.6827],[-73.9117,40.6824],[-73.9115,40.6835],[-73.916,40.6861]]]},"properties":{"modzcta":"11233","label":"11233","zcta":"11233","pop_est":"76819"}},
{"type":"Feature","geometry":{"type":"MultiPolygon","coordinates":[[[[-73.9343,40.6339],[-73.9352,40.6332],[-73.9341,40.6325],[-73.9339,40.6302],[-73.9349,40.6301],[-73.9334,40.6257],[-73.9343,40.6249],[-73.9369,40.6252],[-73.9356,40.6236],[-73.9403,40.6226],[-73.94,40.6212],[-73.9408,40.6201],[-73.9427,40.6199],[-73.9424,40.6186],[-73.9448,40.616],[-73.9437,40.6129],[-73.943,40.6135],[-73.9375,40.6086],[-73.936,40.6095],[-73.9342,40.6079],[-73.9335,40.6083],[-73.9299,40.6051],[-73.9336,40.6027],[-73.9281,40.5978],[-73.9296,40.5968],[-73.9181,40.5866],[-73.9143,40.5889],[-73.9145,40.59],[-73.9272,40.5999],[-73.9311,40.6017],[-73.9321,40.6027],[-73.931,40.6039],[-73.9293,40.604],[-73.9295,40.6027],[-73.9246,40.5997],[-73.9215,40.6019],[-73.9151,40.5988],[-73.912,40.5945],[-73.9115,40.5861],[-73.9064,40.587],[-73.9065,40.588],[-73.9043,40.5869],[-73.9008,40.5881],[-73.899,40.5877],[-73.8966,40.583],[-73.8971,40.58],[-73.8955,40.5768],[-73.8817,40.5792],[-73.8797,40.5801],[-73.8767,40.5849],[-73.8788,40.588],[-73.8834,40.6029],[-73.8827,40.6042],[-73.884,40.6056],[-73.8876,40.6053],[-73.8922,40.6034],[-73.8988,40.6037],[-73.9089,40.6016],[-73.9144,40.6029],[-73.9192,40.6074],[-73.9181,40.6103],[-73.9157,40.6118],[-73.9166,40.6134],[-73.9143,40.6149],[-73.9145,40.6117],[-73.9164,40.6101],[-73.9168,40.6069],[-73.9136,40.604],[-73.9083,40.6041],[-73.9099,40.606],[-73.9086,40.6067],[-73.906,40.6064],[-73.9052,40.6049],[-73.9016,40.6058],[-73.9023,40.6104],[-73.9096,40.6164],[-73.9088,40.6174],[-73.9013,40.6117],[-73.9002,40.6101],[-73.9009,40.607],[-73.8998,40.6055],[-73.8933,40.6067],[-73.8897,40.6115],[-73.8911,40.6123],[-73.894,40.6112],[-73.891,40.6128],[-73.8959,40.6145],[-73.8966,40.6173],[-73.8956,40.6198],[-73.8965,40.6214],[-73.9005,40.6217],[-73.9027,40.6242],[-73.9166,40.6305],[-73.9172,40.6317],[-73.9204,40.6335],[-73.9189,40.6345],[-73.9191,40.6364],[-73.9191,40.6371],[-73.9196,40.6414],[-73.9216,40.6404],[-73.9215,40.6413],[-73.9343,40.6339]]],[[[-73.9308,40.5829],[-73.9244,40.5836],[-73.915,40.5815],[-73.9113,40.5822],[-73.9125,40.5831],[-73.9154,40.5824],[-73.9173,40.5832],[-73.9124,40.5834],[-73.9126,40.5855],[-73.9136,40.5861],[-73.9157,40.5862],[-73.9202,40.5846],[-73.9258,40.585],[-73.9314,40.5861],[-73.9301,40.5845],[-73.932,40.5842],[-73.9319,40.5831],[-73.9307,40.5828],[-73.9308,40.5829]]]]},"properties":{"modzcta":"11234","label":"11234","zcta":"11234","pop_est":"95666"}},
{"type":"Feature","geometry":{"type":"Polygon","coordinates":[[[-73.9666,40.5846],[-73.9706,40.5832],[-73.9711,40.582],[-73.9673,40.5815],[-73.9676,40.5804],[-73.969,40.58],[-73.9699,40.5756],[-73.9664,40.5748],[-73.9594,40.5752],[-73.9594,40.5739],[-73.9443,40.5758],[-73.9315,40.5757],[-73.9326,40.5813],[-73.9427,40.581],[-73.9497,40.5823],[-73.9533,40.582],[-73.9535,40.583],[-73.9416,40.5836],[-73.9319,40.5831],[-73.932,40.5842],[-73.9301,40.5845],[-73.9314,40.5861],[-73.9258,40.585],[-73.9282,40.5859],[-73.9285,40.587],[-73.9313,40.5869],[-73.9297,40.5876],[-73.9328,40.5948],[-73.9319,40.5947],[-73.9324,40.5952],[-73.959,40.5918],[-73.9651,40.5911],[-73.9656,40.5889],[-73.968,40.5886],[-73.9678,40.5879],[-73.9658,40.5881],[-73.9677,40.5872],[-73.9676,40.5865],[-73.9661,40.5867],[-73.9663,40.5859],[-73.9693,40.5856],[-73.9691,40.5849],[-73.9665,40.5851],[-73.9666,40.5846]]]},"properties":{"modzcta":"11235","label":"11235","zcta":"11235","pop_est":"78128"}},
{"type":"Feature","geometry":{"type":"Polygon","coordinates":[[[-73.9215,40.6413],[-73.9216,40.6404],[-73.9196,40.6414],[-73.9191,40.6371],[-73.9191,40.6364],[-73.9189,40.6345],[-73.9204,40.6335],[-73.9172,40.6317],[-73.916,40.632],[-73.8955,40.6225],[-73.8922,40.6239],[-73.8874,40.6284],[-73.8851,40.6288],[-73.8837,40.6276],[-73.8826,40.6283],[-73.884,40.6296],[-73.8836,40.6309],[-73.8771,40.636],[-73.8786,40.6383],[-73.8881,40.6451],[-73.8885,40.647],[-73.8886,40.6471],[-73.8894,40.6469],[-73.8888,40.6461],[-73.8911,40.6488],[-73.8906,40.6492],[-73.8913,40.65],[-73.89,40.6511],[-73.8914,40.6524],[-73.8934,40.6509],[-73.8956,40.6531],[-73.8976,40.6535],[-73.898,40.6538],[-73.899,40.6574],[-73.9032,40.6553],[-73.9107,40.6542],[-73.9185,40.6537],[-73.921,40.6549],[-73.9218,40.6544],[-73.9208,40.6526],[-73.9213,40.6525],[-73.92,40.6447],[-73.9217,40.6427],[-73.9197,40.6428],[-73.9215,40.6413]]]},"properties":{"modzcta":"11236","label":"11236","zcta":"11236","pop_est":"100331"}},
{"type":"Feature","geometry":{"type":"Polygon","coordinates":[[[-73.9276,40.7018],[-73.9178,40.6962],[-73.9164,40.6977],[-73.9134,40.696],[-73.9118,40.6976],[-73.9103,40.6967],[-73.9119,40.6951],[-73.9089,40.6934],[-73.9036,40.6904],[-73.9021,40.692],[-73.9058,40.6941],[-73.9043,40.6957],[-73.9118,40.6999],[-73.9107,40.701],[-73.9129,40.7024],[-73.9118,40.7034],[-73.9219,40.7094],[-73.9207,40.7105],[-73.924,40.714],[-73.9241,40.7141],[-73.9249,40.7153],[-73.9231,40.7164],[-73.931,40.7144],[-73.9304,40.7132],[-73.9318,40.7125],[-73.9308,40.7122],[-73.9315,40.7119],[-73.9305,40.7087],[-73.9319,40.7113],[-73.9334,40.7112],[-73.932,40.7116],[-73.9326,40.713],[-73.9314,40.7143],[-73.9348,40.7134],[-73.9312,40.7038],[-73.9276,40.7018]]]},"properties":{"modzcta":"11237","label":"11237","zcta":"11237","pop_est":"49310"}},
{"type":"Feature","geometry":{"type":"Polygon","coordinates":[[[-73.9727,40.6874],[-73.9736,40.6873],[-73.9721,40.6842],[-73.973,40.6841],[-73.9728,40.6829],[-73.9706,40.6822],[-73.9724,40.6772],[-73.9709,40.6727],[-73.9704,40.6726],[-73.9692,40.6728],[-73.9629,40.6638],[-73.9624,40.6631],[-73.961,40.6633],[-73.9626,40.6716],[-73.958,40.6707],[-73.9577,40.6715],[-73.9568,40.6714],[-73.9573,40.6724],[-73.9552,40.6783],[-73.9528,40.6778],[-73.953,40.6787],[-73.9553,40.6792],[-73.9571,40.6885],[-73.9572,40.6892],[-73.96,40.6889],[-73.9603,40.6903],[-73.9652,40.6898],[-73.9648,40.6883],[-73.9708,40.6876],[-73.9711,40.6895],[-73.9721,40.6896],[-73.9717,40.6875],[-73.9727,40.6874]]]},"properties":{"modzcta":"11238","label":"11238","zcta":"11238","pop_est":"54540"}},
{"type":"Feature","geometry":{"type":"MultiPolygon","coordinates":[[[[-73.89,40.6511],[-73.8913,40.65],[-73.8906,40.6492],[-73.8876,40.6478],[-73.8874,40.6459],[-73.8856,40.644],[-73.8834,40.6445],[-73.8801,40.642],[-73.8805,40.641],[-73.8784,40.6389],[-73.8746,40.6456],[-73.8784,40.6493],[-73.8822,40.6545],[-73.89,40.6511]]],[[[-73.8883,40.6467],[-73.8886,40.6471],[-73.8885,40.647],[-73.8885,40.6469],[-73.8883,40.6467]]]]},"properties":{"modzcta":"11239","label":"11239","zcta":"11239","pop_est":"13244"}},
{"type":"Feature","geometry":{"type":"Polygon","coordinates":[[[-73.804,40.7742],[-73.8217,40.7769],[-73.8283,40.776],[-73.8334,40.7713],[-73.8363,40.7785],[-73.8389,40.7786],[-73.839,40.7768],[-73.84,40.7765],[-73.849,40.777],[-73.85,40.772],[-73.8486,40.7706],[-73.8478,40.7668],[-73.8445,40.7655],[-73.8396,40.7671],[-73.8395,40.7654],[-73.8369,40.7627],[-73.8387,40.757],[-73.838,40.7545],[-73.8284,40.7593],[-73.8183,40.762],[-73.8126,40.7632],[-73.8075,40.7622],[-73.8071,40.7683],[-73.8054,40.7711],[-73.8063,40.7712],[-73.8062,40.7722],[-73.8043,40.7721],[-73.804,40.7742]]]},"properties":{"modzcta":"11354","label":"11354","zcta":"11354","pop_est":"55200"}},
{"type":"Feature","geometry":{"type":"Polygon","coordinates":[[[-73.8075,40.7622],[-73.8126,40.7632],[-73.8183,40.762],[-73.8284,40.7593],[-73.838,40.7545],[-73.8356,40.7514],[-73.8323,40.7518],[-73.833,40.7478],[-73.8347,40.7469],[-73.8359,40.7434],[-73.8254,40.7422],[-73.8244,40.743],[-73.8212,40.7409],[-73.821,40.7408],[-73.8165,40.7396],[-73.8176,40.74],[-73.8172,40.7406],[-73.8151,40.7399],[-73.815,40.7389],[-73.8094,40.7386],[-73.8104,40.7388],[-73.8101,40.7423],[-73.8143,40.743],[-73.8142,40.7461],[-73.8075,40.7501],[-73.8091,40.7503],[-73.8075,40.7622]]]},"properties":{"modzcta":"11355","label":"11355","zcta":"11355","pop_est":"80853"}},
{"type":"Feature","geometry":{"type":"Polygon","coordinates":[[[-73.8283,40.776],[-73.8251,40.7817],[-73.8268,40.7817],[-73.8269,40.7846],[-73.8306,40.7846],[-73.8309,40.7862],[-73.83,40.7864],[-73.8314,40.7892],[-73.8335,40.7885],[-73.8357,40.7896],[-73.8373,40.789],[-73.8376,40.791],[-73.8366,40.7925],[-73.839,40.7971],[-73.8437,40.7949],[-73.8456,40.796],[-73.8479,40.7958],[-73.8491,40.7934],[-73.8526,40.7949],[-73.8538,40.7925],[-73.8527,40.7911],[-73.8545,40.7903],[-73.8548,40.7887],[-73.8528,40.7882],[-73.8559,40.7877],[-73.8567,40.7867],[-73.8581,40.787],[-73.8591,40.7857],[-73.8581,40.7837],[-73.8555,40.7831],[-73.8553,40.782],[-73.8493,40.7823],[-73.849,40.777],[-73.84,40.7765],[-73.839,40.7768],[-73.8389,40.7786],[-73.8363,40.7785],[-73.8334,40.7713],[-73.8283,40.776]]]},"properties":{"modzcta":"11356","label":"11356","zcta":"11356","pop_est":"23362"}},
{"type":"Feature","geometry":{"type":"Polygon","coordinates":[[[-73.7916,40.7742],[-73.7904,40.7746],[-73.792,40.7772],[-73.7911,40.779],[-73.792,40.7807],[-73.7921,40.7807],[-73.7932,40.7817],[-73.7941,40.7861],[-73.7951,40.7859],[-73.7906,40.7882],[-73.7918,40.7894],[-73.7938,40.7891],[-73.795,40.7919],[-73.7946,40.7949],[-73.801,40.7965],[-73.8054,40.7962],[-73.8122,40.7981],[-73.8136,40.797],[-73.8199,40.801],[-73.8251,40.7974],[-73.8267,40.7978],[-73.8274,40.7968],[-73.8295,40.7968],[-73.8278,40.7932],[-73.8317,40.791],[-73.8314,40.7892],[-73.83,40.7864],[-73.8309,40.7862],[-73.8306,40.7846],[-73.8269,40.7846],[-73.8268,40.7817],[-73.8251,40.7817],[-73.8283,40.776],[-73.8217,40.7769],[-73.804,40.7742],[-73.8039,40.7749],[-73.7916,40.7742]]]},"properties":{"modzcta":"11357","label":"11357","zcta":"11351, 11357","pop_est":"39902"}},
{"type":"Feature","geometry":{"type":"Polygon","coordinates":[[[-73.7893,40.7697],[-73.7748,40.7737],[-73.7745,40.7721],[-73.7735,40.7723],[-73.7739,40.7739],[-73.7716,40.7743],[-73.7698,40.7726],[-73.7654,40.7736],[-73.764,40.7717],[-73.7636,40.7724],[-73.7682,40.7796],[-73.7763,40.7885],[-73.7743,40.7868],[-73.7706,40.7885],[-73.7762,40.7961],[-73.7794,40.7967],[-73.7833,40.7949],[-73.7808,40.794],[-73.7817,40.7911],[-73.7843,40.7917],[-73.7825,40.7913],[-73.7903,40.7903],[-73.7918,40.7894],[-73.7906,40.7882],[-73.7951,40.7859],[-73.7941,40.7861],[-73.7932,40.7817],[-73.7921,40.7807],[-73.792,40.7807],[-73.7911,40.779],[-73.792,40.7772],[-73.7904,40.7746],[-73.7916,40.7742],[-73.7893,40.7697]]]},"properties":{"modzcta":"11360","label":"11360","zcta":"11359, 11360","pop_est":"19621"}},
{"type":"Feature","geometry":{"type":"Polygon","coordinates":[[[-73.8914,40.7466],[-73.8694,40.7492],[-73.8721,40.7539],[-73.8722,40.7569],[-73.8779,40.7563],[-73.8783,40.7585],[-73.8792,40.7584],[-73.8789,40.7562],[-73.8826,40.7559],[-73.8965,40.7544],[-73.8958,40.7506],[-73.8972,40.7505],[-73.8947,40.7448],[-73.8947,40.7465],[-73.8914,40.7466]]]},"properties":{"modzcta":"11372","label":"11372","zcta":"11372","pop_est":"61844"}},
{"type":"Feature","geometry":{"type":"Polygon","coordinates":[[[-73.7801,40.7525],[-73.7798,40.7519],[-73.7693,40.7552],[-73.7619,40.7565],[-73.7594,40.7524],[-73.7585,40.7533],[-73.7603,40.7566],[-73.7583,40.7576],[-73.7589,40.7585],[-73.7573,40.7594],[-73.7581,40.76],[-73.7595,40.759],[-73.7599,40.76],[-73.758,40.7604],[-73.7579,40.7626],[-73.7592,40.7643],[-73.7538,40.7653],[-73.7586,40.7674],[-73.7636,40.7724],[-73.764,40.7717],[-73.7654,40.7736],[-73.7698,40.7726],[-73.7716,40.7743],[-73.7739,40.7739],[-73.7735,40.7723],[-73.7745,40.7721],[-73.7748,40.7737],[-73.7893,40.7697],[-73.7854,40.7625],[-73.7859,40.7597],[-73.7845,40.7599],[-73.7801,40.7525]]]},"properties":{"modzcta":"11361","label":"11361","zcta":"11361","pop_est":"27246"}},
{"type":"Feature","geometry":{"type":"Polygon","coordinates":[[[-73.7135,40.7598],[-73.7339,40.7725],[-73.7349,40.7714],[-73.7357,40.7717],[-73.7369,40.7689],[-73.7387,40.77],[-73.7375,40.7684],[-73.7395,40.7667],[-73.7398,40.7665],[-73.7457,40.7649],[-73.7458,40.7649],[-73.7469,40.7645],[-73.7494,40.7676],[-73.7534,40.7653],[-73.7505,40.7618],[-73.7484,40.7616],[-73.7462,40.759],[-73.7463,40.7581],[-73.7446,40.7566],[-73.7463,40.7578],[-73.7466,40.7593],[-73.7486,40.7609],[-73.7511,40.7618],[-73.7538,40.7653],[-73.7592,40.7643],[-73.7579,40.7626],[-73.758,40.7604],[-73.7558,40.7577],[-73.7551,40.7585],[-73.7532,40.7582],[-73.7523,40.7595],[-73.75,40.7584],[-73.7438,40.7474],[-73.7463,40.7467],[-73.7448,40.7433],[-73.7535,40.7424],[-73.751,40.74],[-73.744,40.7408],[-73.7431,40.7384],[-73.7402,40.7385],[-73.7323,40.7438],[-73.7274,40.751],[-73.723,40.7542],[-73.7196,40.7585],[-73.7135,40.7598]]]},"properties":{"modzcta":"11362","label":"11362","zcta":"11362","pop_est":"18721"}},
{"type":"Feature","geometry":{"type":"Polygon","coordinates":[[[-73.8623,40.6792],[-73.8544,40.6797],[-73.8547,40.6803],[-73.853,40.6808],[-73.8527,40.6801],[-73.8505,40.6815],[-73.8501,40.6808],[-73.8351,40.6851],[-73.8351,40.687],[-73.8375,40.6914],[-73.8443,40.6894],[-73.8647,40.6836],[-73.8653,40.6835],[-73.8663,40.6832],[-73.866,40.6819],[-73.8641,40.6824],[-73.8633,40.6791],[-73.8623,40.6792]]]},"properties":{"modzcta":"11416","label":"11416","zcta":"11416","pop_est":"27125"}},
{"type":"Feature","geometry":{"type":"Polygon","coordinates":[[[-73.7339,40.7725],[-73.7508,40.7829],[-73.753,40.7813],[-73.7552,40.7765],[-73.7534,40.7732],[-73.7556,40.7715],[-73.7544,40.7688],[-73.7551,40.7675],[-73.7534,40.7653],[-73.7494,40.7676],[-73.7469,40.7645],[-73.7458,40.7649],[-73.7457,40.7649],[-73.7398,40.7665],[-73.7395,40.7667],[-73.7375,40.7684],[-73.7387,40.77],[-73.7369,40.7689],[-73.7357,40.7717],[-73.7349,40.7714],[-73.7339,40.7725]]]},"properties":{"modzcta":"11363","label":"11363","zcta":"11363","pop_est":"6952"}},
{"type":"Feature","geometry":{"type":"Polygon","coordinates":[[[-73.7798,40.7519],[-73.7785,40.7469],[-73.7775,40.7472],[-73.7701,40.7318],[-73.7656,40.7325],[-73.7465,40.7358],[-73.7467,40.7325],[-73.7402,40.7385],[-73.7431,40.7384],[-73.744,40.7408],[-73.751,40.74],[-73.7535,40.7424],[-73.7448,40.7433],[-73.7463,40.7467],[-73.7438,40.7474],[-73.75,40.7584],[-73.7523,40.7595],[-73.7532,40.7582],[-73.7551,40.7585],[-73.7558,40.7577],[-73.758,40.7604],[-73.7599,40.76],[-73.7595,40.759],[-73.7581,40.76],[-73.7573,40.7594],[-73.7589,40.7585],[-73.7583,40.7576],[-73.7603,40.7566],[-73.7585,40.7533],[-73.7594,40.7524],[-73.7619,40.7565],[-73.7693,40.7552],[-73.7798,40.7519]]]},"properties":{"modzcta":"11364","label":"11364","zcta":"11364","pop_est":"36806"}},
{"type":"Feature","geometry":{"type":"Polygon","coordinates":[[[-73.8914,40.7466],[-73.8907,40.7423],[-73.8917,40.7421],[-73.8888,40.7365],[-73.8914,40.7359],[-73.8894,40.7358],[-73.8885,40.7345],[-73.8872,40.7278],[-73.88,40.7286],[-73.8748,40.7305],[-73.8715,40.7293],[-73.8684,40.7327],[-73.8646,40.7343],[-73.8655,40.7384],[-73.8665,40.7382],[-73.8676,40.7409],[-73.8683,40.7463],[-73.87,40.7485],[-73.8694,40.7492],[-73.8914,40.7466]]]},"properties":{"modzcta":"11373","label":"11373","zcta":"11373","pop_est":"93967"}},
{"type":"Feature","geometry":{"type":"Polygon","coordinates":[[[-73.8075,40.7501],[-73.8142,40.7461],[-73.8143,40.743],[-73.8101,40.7423],[-73.8104,40.7388],[-73.8094,40.7386],[-73.8104,40.7383],[-73.8105,40.737],[-73.8124,40.7371],[-73.813,40.7361],[-73.8123,40.7336],[-73.8107,40.7336],[-73.8108,40.7323],[-73.8121,40.7322],[-73.8114,40.7303],[-73.8111,40.7303],[-73.8119,40.7277],[-73.8109,40.7272],[-73.8008,40.7283],[-73.7882,40.7314],[-73.7756,40.7365],[-73.7752,40.7356],[-73.7736,40.7361],[-73.7715,40.7315],[-73.7701,40.7318],[-73.7775,40.7472],[-73.7785,40.7469],[-73.7798,40.7519],[-73.7801,40.7525],[-73.7862,40.7501],[-73.7874,40.7509],[-73.787,40.7499],[-73.7923,40.7483],[-73.7948,40.7484],[-73.7957,40.7502],[-73.798,40.7487],[-73.8075,40.7501]]]},"properties":{"modzcta":"11365","label":"11365","zcta":"11365","pop_est":"44983"}},
{"type":"Feature","geometry":{"type":"Polygon","coordinates":[[[-73.7701,40.7318],[-73.7715,40.7315],[-73.7736,40.7361],[-73.7752,40.7356],[-73.7756,40.7365],[-73.7882,40.7314],[-73.8008,40.7283],[-73.8109,40.7272],[-73.8093,40.721],[-73.8104,40.7208],[-73.809,40.7199],[-73.7896,40.7264],[-73.7883,40.726],[-73.7857,40.7268],[-73.7862,40.7276],[-73.7836,40.7284],[-73.7832,40.7276],[-73.7808,40.7284],[-73.7812,40.7292],[-73.7776,40.7302],[-73.7752,40.7252],[-73.778,40.7233],[-73.7773,40.7223],[-73.7729,40.7249],[-73.7662,40.7263],[-73.7567,40.7262],[-73.7656,40.7325],[-73.7701,40.7318]]]},"properties":{"modzcta":"11366","label":"11366","zcta":"11366","pop_est":"14650"}},
{"type":"Feature","geometry":{"type":"Polygon","coordinates":[[[-73.8359,40.7434],[-73.8391,40.7429],[-73.8452,40.7401],[-73.8443,40.7342],[-73.8384,40.7277],[-73.8355,40.722],[-73.831,40.7173],[-73.8257,40.7162],[-73.8193,40.7171],[-73.8182,40.7164],[-73.8167,40.7168],[-73.8171,40.7177],[-73.8121,40.7191],[-73.8118,40.7176],[-73.8087,40.7183],[-73.809,40.7199],[-73.8104,40.7208],[-73.8093,40.721],[-73.8109,40.7272],[-73.8119,40.7277],[-73.8111,40.7303],[-73.8114,40.7303],[-73.8121,40.7322],[-73.8108,40.7323],[-73.8107,40.7336],[-73.8123,40.7336],[-73.813,40.7361],[-73.8124,40.7371],[-73.8105,40.737],[-73.8104,40.7383],[-73.8094,40.7386],[-73.815,40.7389],[-73.8151,40.7399],[-73.8172,40.7406],[-73.8176,40.74],[-73.8165,40.7396],[-73.821,40.7408],[-73.8212,40.7409],[-73.8244,40.743],[-73.8254,40.7422],[-73.8359,40.7434]]]},"properties":{"modzcta":"11367","label":"11367","zcta":"11367","pop_est":"41824"}},
{"type":"Feature","geometry":{"type":"Polygon","coordinates":[[[-73.8715,40.7293],[-73.8739,40.7284],[-73.8718,40.7268],[-73.871,40.7279],[-73.8711,40.7245],[-73.8697,40.7251],[-73.8599,40.7148],[-73.8597,40.7134],[-73.8621,40.7122],[-73.8598,40.7118],[-73.8596,40.7104],[-73.858,40.7105],[-73.8582,40.7116],[-73.8573,40.7115],[-73.8585,40.7215],[-73.8571,40.7218],[-73.8536,40.7271],[-73.8518,40.7277],[-73.8529,40.7304],[-73.8511,40.731],[-73.8515,40.7316],[-73.8533,40.7311],[-73.8522,40.7329],[-73.8547,40.7328],[-73.8561,40.7356],[-73.8534,40.737],[-73.8646,40.7343],[-73.8684,40.7327],[-73.8715,40.7293]]]},"properties":{"modzcta":"11374","label":"11374","zcta":"11374","pop_est":"42653"}},
{"type":"Feature","geometry":{"type":"Polygon","coordinates":[[[-73.8395,40.7654],[-73.8427,40.7646],[-73.8431,40.7636],[-73.8486,40.7602],[-73.8516,40.7594],[-73.8586,40.7619],[-73.8604,40.7639],[-73.8611,40.7637],[-73.8591,40.7613],[-73.8545,40.7583],[-73.8578,40.758],[-73.8582,40.7596],[-73.8593,40.7599],[-73.8589,40.7579],[-73.8722,40.7569],[-73.8721,40.7539],[-73.8694,40.7492],[-73.87,40.7485],[-73.8683,40.7463],[-73.8676,40.7409],[-73.8665,40.7382],[-73.8655,40.7384],[-73.8646,40.7343],[-73.8534,40.737],[-73.8452,40.7401],[-73.8391,40.7429],[-73.8359,40.7434],[-73.8347,40.7469],[-73.833,40.7478],[-73.8323,40.7518],[-73.8356,40.7514],[-73.838,40.7545],[-73.8387,40.757],[-73.8369,40.7627],[-73.8395,40.7654]]]},"properties":{"modzcta":"11368","label":"11368","zcta":"11368","pop_est":"112425"}},
{"type":"Feature","geometry":{"type":"Polygon","coordinates":[[[-73.8613,40.675],[-73.8423,40.6687],[-73.8333,40.6668],[-73.8371,40.6747],[-73.8357,40.6762],[-73.8316,40.6757],[-73.8308,40.6781],[-73.8317,40.6795],[-73.8343,40.6853],[-73.8351,40.6851],[-73.8501,40.6808],[-73.8505,40.6815],[-73.8527,40.6801],[-73.853,40.6808],[-73.8547,40.6803],[-73.8544,40.6797],[-73.8623,40.6792],[-73.8613,40.675]]]},"properties":{"modzcta":"11417","label":"11417","zcta":"11417","pop_est":"31927"}},
{"type":"Feature","geometry":{"type":"Polygon","coordinates":[[[-73.8722,40.7569],[-73.8589,40.7579],[-73.8593,40.7599],[-73.8582,40.7596],[-73.8578,40.758],[-73.8545,40.7583],[-73.8591,40.7613],[-73.8611,40.7637],[-73.8604,40.7639],[-73.8627,40.7669],[-73.8594,40.7671],[-73.8571,40.7691],[-73.8562,40.7689],[-73.8582,40.7703],[-73.8565,40.7703],[-73.8551,40.7722],[-73.8726,40.7808],[-73.8694,40.7836],[-73.8697,40.7853],[-73.8712,40.786],[-73.8752,40.7815],[-73.8783,40.783],[-73.8793,40.7819],[-73.8787,40.7806],[-73.8849,40.78],[-73.8848,40.775],[-73.8839,40.7741],[-73.8895,40.7735],[-73.889,40.7708],[-73.889,40.7706],[-73.8889,40.7702],[-73.8889,40.7701],[-73.8888,40.7697],[-73.8888,40.7696],[-73.8888,40.7695],[-73.8887,40.7691],[-73.8876,40.7664],[-73.8864,40.7666],[-73.8846,40.767],[-73.8828,40.7673],[-73.8824,40.7654],[-73.8843,40.7652],[-73.8827,40.762],[-73.8826,40.7559],[-73.8789,40.7562],[-73.8792,40.7584],[-73.8783,40.7585],[-73.8779,40.7563],[-73.8722,40.7569]]]},"properties":{"modzcta":"11369","label":"11369","zcta":"11369, 11371","pop_est":"34118"}},
{"type":"Feature","geometry":{"type":"MultiPolygon","coordinates":[[[[-73.9007,40.7672],[-73.8935,40.766],[-73.8952,40.7642],[-73.8953,40.7641],[-73.8987,40.7599],[-73.8977,40.761],[-73.8965,40.7544],[-73.8826,40.7559],[-73.8827,40.762],[-73.8843,40.7652],[-73.8824,40.7654],[-73.8828,40.7673],[-73.8846,40.767],[-73.8864,40.7666],[-73.8876,40.7664],[-73.8887,40.7691],[-73.8888,40.7695],[-73.8888,40.7696],[-73.8888,40.7697],[-73.8889,40.7701],[-73.8889,40.7702],[-73.889,40.7706],[-73.889,40.7708],[-73.8895,40.7735],[-73.8901,40.7736],[-73.8918,40.7749],[-73.8918,40.7767],[-73.8923,40.7758],[-73.8928,40.7739],[-73.8937,40.7742],[-73.9003,40.7688],[-73.8996,40.7683],[-73.9007,40.7672]]],[[[-73.8735,40.7917],[-73.8784,40.7945],[-73.8838,40.7957],[-73.8872,40.7983],[-73.8902,40.798],[-73.8918,40.7968],[-73.8928,40.7928],[-73.8922,40.7904],[-73.8903,40.7899],[-73.8883,40.787],[-73.8783,40.7854],[-73.8731,40.7859],[-73.8708,40.788],[-73.8713,40.7902],[-73.8735,40.7917]]]]},"properties":{"modzcta":"11370","label":"11370","zcta":"11370","pop_est":"32514"}},
{"type":"Feature","geometry":{"type":"Polygon","coordinates":[[[-73.8257,40.7161],[-73.8257,40.7162],[-73.831,40.7173],[-73.8355,40.722],[-73.8384,40.7277],[-73.8443,40.7342],[-73.8452,40.7401],[-73.8534,40.737],[-73.8561,40.7356],[-73.8547,40.7328],[-73.8522,40.7329],[-73.8533,40.7311],[-73.8515,40.7316],[-73.8511,40.731],[-73.8529,40.7304],[-73.8518,40.7277],[-73.8536,40.7271],[-73.8571,40.7218],[-73.8585,40.7215],[-73.8573,40.7115],[-73.8567,40.7077],[-73.8559,40.7064],[-73.8547,40.7068],[-73.8431,40.7092],[-73.8257,40.7161]]]},"properties":{"modzcta":"11375","label":"11375","zcta":"11375","pop_est":"73488"}},
{"type":"Feature","geometry":{"type":"Polygon","coordinates":[[[-73.8872,40.7278],[-73.8876,40.7238],[-73.886,40.7218],[-73.9029,40.7138],[-73.8838,40.7063],[-73.875,40.7068],[-73.8621,40.7122],[-73.8597,40.7134],[-73.8599,40.7148],[-73.8697,40.7251],[-73.8711,40.7245],[-73.871,40.7279],[-73.8718,40.7268],[-73.8739,40.7284],[-73.8715,40.7293],[-73.8748,40.7305],[-73.88,40.7286],[-73.8872,40.7278]]]},"properties":{"modzcta":"11379","label":"11379","zcta":"11379","pop_est":"37851"}},
{"type":"Feature","geometry":{"type":"Polygon","coordinates":[[[-73.9258,40.7363],[-73.9258,40.7357],[-73.9173,40.7314],[-73.9085,40.7298],[-73.9057,40.7285],[-73.9007,40.7344],[-73.896,40.7335],[-73.8885,40.7345],[-73.8894,40.7358],[-73.8914,40.7359],[-73.8888,40.7365],[-73.8917,40.7421],[-73.8907,40.7423],[-73.8914,40.7466],[-73.8947,40.7465],[-73.8947,40.7448],[-73.8972,40.7505],[-73.8958,40.7506],[-73.8965,40.7544],[-73.8977,40.761],[-73.8987,40.7599],[-73.8953,40.7641],[-73.8952,40.7642],[-73.8935,40.766],[-73.9007,40.7672],[-73.902,40.7674],[-73.9036,40.7658],[-73.9043,40.7675],[-73.9045,40.7676],[-73.9053,40.7677],[-73.9044,40.767],[-73.9037,40.7656],[-73.9037,40.7642],[-73.9045,40.7646],[-73.9055,40.7616],[-73.9065,40.7621],[-73.9092,40.7581],[-73.9107,40.7583],[-73.9126,40.756],[-73.9115,40.7546],[-73.9098,40.7516],[-73.9102,40.7485],[-73.9147,40.7488],[-73.9149,40.7429],[-73.9168,40.7431],[-73.923,40.7404],[-73.924,40.7358],[-73.9258,40.7363]]]},"properties":{"modzcta":"11377","label":"11377","zcta":"11377","pop_est":"86421"}},
{"type":"Feature","geometry":{"type":"Polygon","coordinates":[[[-73.9314,40.7287],[-73.9286,40.7278],[-73.9247,40.7244],[-73.9204,40.7237],[-73.9244,40.7236],[-73.9252,40.7223],[-73.9222,40.7164],[-73.9206,40.716],[-73.9235,40.7156],[-73.9241,40.7141],[-73.924,40.714],[-73.913,40.7133],[-73.9123,40.7142],[-73.9108,40.7132],[-73.9089,40.7131],[-73.9088,40.7139],[-73.9069,40.7129],[-73.9056,40.7137],[-73.9049,40.7129],[-73.9029,40.7138],[-73.886,40.7218],[-73.8876,40.7238],[-73.8872,40.7278],[-73.8885,40.7345],[-73.896,40.7335],[-73.9007,40.7344],[-73.9057,40.7285],[-73.9085,40.7298],[-73.9173,40.7314],[-73.9258,40.7357],[-73.9316,40.7368],[-73.9374,40.7338],[-73.9314,40.7287]]]},"properties":{"modzcta":"11378","label":"11378","zcta":"11378","pop_est":"37279"}},
{"type":"Feature","geometry":{"type":"Polygon","coordinates":[[[-73.8663,40.6832],[-73.8653,40.6835],[-73.8647,40.6836],[-73.8443,40.6894],[-73.8507,40.7002],[-73.8546,40.7006],[-73.8506,40.7009],[-73.8507,40.7021],[-73.8525,40.7023],[-73.8553,40.7026],[-73.8583,40.7012],[-73.8582,40.7029],[-73.8692,40.7029],[-73.8693,40.6994],[-73.8707,40.6978],[-73.8689,40.6951],[-73.8663,40.6832]]]},"properties":{"modzcta":"11421","label":"11421","zcta":"11421","pop_est":"41002"}},
{"type":"Feature","geometry":{"type":"Polygon","coordinates":[[[-73.7546,40.6472],[-73.7545,40.6479],[-73.7489,40.6452],[-73.7473,40.6432],[-73.7462,40.6404],[-73.747,40.6369],[-73.7453,40.6384],[-73.7468,40.6368],[-73.7448,40.6372],[-73.7437,40.639],[-73.744,40.6379],[-73.7419,40.6381],[-73.741,40.6373],[-73.7425,40.6351],[-73.74,40.6351],[-73.7423,40.6401],[-73.7414,40.6405],[-73.7414,40.6469],[-73.7351,40.6497],[-73.7252,40.652],[-73.7256,40.6567],[-73.7283,40.663],[-73.7259,40.6832],[-73.7322,40.6851],[-73.737,40.6749],[-73.7398,40.6719],[-73.739,40.6716],[-73.74,40.6699],[-73.7409,40.6702],[-73.7419,40.6685],[-73.7412,40.6664],[-73.7404,40.6664],[-73.7385,40.6664],[-73.7451,40.6574],[-73.7471,40.6575],[-73.7491,40.6549],[-73.7485,40.6513],[-73.747,40.6518],[-73.7459,40.6504],[-73.7462,40.6449],[-73.7471,40.6444],[-73.7541,40.6487],[-73.7552,40.6474],[-73.7546,40.6472]]]},"properties":{"modzcta":"11422","label":"11422","zcta":"11422","pop_est":"32082"}},
{"type":"Feature","geometry":{"type":"Polygon","coordinates":[[[-73.8896,40.6842],[-73.8845,40.6867],[-73.8795,40.6911],[-73.874,40.6942],[-73.8689,40.6951],[-73.8707,40.6978],[-73.8693,40.6994],[-73.8692,40.7029],[-73.8582,40.7029],[-73.8583,40.7012],[-73.8553,40.7026],[-73.8525,40.7023],[-73.8547,40.7068],[-73.8559,40.7064],[-73.8567,40.7077],[-73.8573,40.7115],[-73.8582,40.7116],[-73.858,40.7105],[-73.8596,40.7104],[-73.8598,40.7118],[-73.8621,40.7122],[-73.875,40.7068],[-73.8838,40.7063],[-73.9029,40.7138],[-73.9049,40.7129],[-73.9056,40.7137],[-73.9069,40.7129],[-73.9088,40.7139],[-73.9089,40.7131],[-73.9108,40.7132],[-73.9123,40.7142],[-73.913,40.7133],[-73.924,40.714],[-73.9207,40.7105],[-73.9219,40.7094],[-73.9118,40.7034],[-73.9129,40.7024],[-73.9107,40.701],[-73.9118,40.6999],[-73.9043,40.6957],[-73.9058,40.6941],[-73.9021,40.692],[-73.9004,40.6882],[-73.9012,40.6879],[-73.8965,40.6823],[-73.8942,40.6853],[-73.8926,40.6835],[-73.8902,40.685],[-73.8896,40.6842]]]},"properties":{"modzcta":"11385","label":"11385","zcta":"11385","pop_est":"106717"}},
{"type":"Feature","geometry":{"type":"Polygon","coordinates":[[[-73.7259,40.6832],[-73.7269,40.7058],[-73.7278,40.7062],[-73.7277,40.7016],[-73.7382,40.7026],[-73.7382,40.7019],[-73.7411,40.7018],[-73.7433,40.703],[-73.7486,40.7016],[-73.7453,40.6942],[-73.7481,40.6901],[-73.7475,40.6893],[-73.7322,40.6851],[-73.7259,40.6832]]]},"properties":{"modzcta":"11411","label":"11411","zcta":"11003, 11411","pop_est":"20930"}},
{"type":"Feature","geometry":{"type":"Polygon","coordinates":[[[-73.7486,40.7016],[-73.7512,40.7073],[-73.7521,40.7071],[-73.7525,40.7103],[-73.7534,40.7101],[-73.7673,40.7063],[-73.7756,40.7053],[-73.7732,40.7002],[-73.7699,40.6963],[-73.7693,40.6967],[-73.7652,40.6928],[-73.7662,40.6922],[-73.7618,40.6845],[-73.7504,40.6888],[-73.7497,40.6878],[-73.7481,40.6901],[-73.7453,40.6942],[-73.7486,40.7016]]]},"properties":{"modzcta":"11412","label":"11412","zcta":"11412","pop_est":"37458"}},
{"type":"Feature","geometry":{"type":"Polygon","coordinates":[[[-73.7322,40.6851],[-73.7475,40.6893],[-73.7481,40.6901],[-73.7497,40.6878],[-73.7504,40.6888],[-73.7618,40.6845],[-73.758,40.6792],[-73.7598,40.6789],[-73.7579,40.6761],[-73.7625,40.6742],[-73.7637,40.6747],[-73.764,40.6728],[-73.7623,40.6719],[-73.7636,40.6672],[-73.7654,40.6668],[-73.7635,40.6663],[-73.7662,40.6601],[-73.768,40.6603],[-73.7677,40.6584],[-73.7662,40.6585],[-73.7658,40.6563],[-73.7674,40.6562],[-73.7541,40.6487],[-73.7471,40.6444],[-73.7462,40.6449],[-73.7459,40.6504],[-73.747,40.6518],[-73.7485,40.6513],[-73.7491,40.6549],[-73.7471,40.6575],[-73.7451,40.6574],[-73.7385,40.6664],[-73.7404,40.6664],[-73.7412,40.6664],[-73.7419,40.6685],[-73.7409,40.6702],[-73.74,40.6699],[-73.739,40.6716],[-73.7398,40.6719],[-73.737,40.6749],[-73.7322,40.6851]]]},"properties":{"modzcta":"11413","label":"11413","zcta":"11413","pop_est":"42443"}},
{"type":"Feature","geometry":{"type":"Polygon","coordinates":[[[-73.8627,40.6576],[-73.8617,40.658],[-73.8616,40.657],[-73.8603,40.6572],[-73.8598,40.6583],[-73.8609,40.6581],[-73.8613,40.6585],[-73.8606,40.6593],[-73.861,40.6584],[-73.8602,40.6589],[-73.8596,40.6583],[-73.8598,40.657],[-73.8614,40.6564],[-73.8559,40.6513],[-73.8525,40.6506],[-73.8494,40.6514],[-73.8524,40.6472],[-73.8495,40.6441],[-73.8363,40.6453],[-73.8398,40.6605],[-73.84,40.6619],[-73.8387,40.6625],[-73.8356,40.6485],[-73.8317,40.648],[-73.8311,40.6491],[-73.8334,40.6581],[-73.8311,40.6583],[-73.8326,40.6578],[-73.8319,40.6562],[-73.8329,40.6575],[-73.8319,40.6549],[-73.8313,40.656],[-73.8291,40.6573],[-73.8301,40.6598],[-73.829,40.6572],[-73.8312,40.6559],[-73.8321,40.654],[-73.829,40.6561],[-73.8316,40.6538],[-73.8313,40.6527],[-73.8289,40.6494],[-73.8264,40.6483],[-73.8286,40.6572],[-73.8327,40.6654],[-73.8333,40.6668],[-73.8423,40.6687],[-73.8613,40.675],[-73.8604,40.6713],[-73.8576,40.6717],[-73.8557,40.6639],[-73.8584,40.6635],[-73.8576,40.6601],[-73.8604,40.6596],[-73.8632,40.6583],[-73.8627,40.6576]]]},"properties":{"modzcta":"11414","label":"11414","zcta":"11414","pop_est":"29219"}},
{"type":"Feature","geometry":{"type":"Polygon","coordinates":[[[-73.8333,40.6668],[-73.8327,40.6654],[-73.8269,40.6637],[-73.815,40.6625],[-73.8112,40.6632],[-73.8103,40.6671],[-73.8016,40.6668],[-73.8014,40.6736],[-73.8058,40.6829],[-73.8079,40.6871],[-73.8317,40.6795],[-73.8308,40.6781],[-73.8316,40.6757],[-73.8357,40.6762],[-73.8371,40.6747],[-73.8333,40.6668]]]},"properties":{"modzcta":"11420","label":"11420","zcta":"11420","pop_est":"48489"}},
{"type":"Feature","geometry":{"type":"Polygon","coordinates":[[[-73.8431,40.7092],[-73.8547,40.7068],[-73.8525,40.7023],[-73.8507,40.7021],[-73.8506,40.7009],[-73.8546,40.7006],[-73.8507,40.7002],[-73.8443,40.6894],[-73.8375,40.6914],[-73.8137,40.6972],[-73.8186,40.7069],[-73.8185,40.7057],[-73.822,40.7052],[-73.8215,40.7037],[-73.8234,40.7038],[-73.8323,40.7008],[-73.8339,40.7023],[-73.833,40.7026],[-73.8337,40.7041],[-73.8348,40.7039],[-73.8352,40.705],[-73.8342,40.7053],[-73.835,40.7071],[-73.8362,40.7076],[-73.8342,40.7087],[-73.8348,40.7096],[-73.834,40.71],[-73.8359,40.7116],[-73.8415,40.709],[-73.8431,40.7092]]]},"properties":{"modzcta":"11418","label":"11418","zcta":"11418","pop_est":"38517"}},
{"type":"Feature","geometry":{"type":"Polygon","coordinates":[[[-73.8351,40.6851],[-73.8343,40.6853],[-73.8317,40.6795],[-73.8079,40.6871],[-73.8137,40.6972],[-73.8375,40.6914],[-73.8351,40.687],[-73.8351,40.6851]]]},"properties":{"modzcta":"11419","label":"11419","zcta":"11419","pop_est":"49618"}},
{"type":"Feature","geometry":{"type":"MultiPolygon","coordinates":[[[[-73.7773,40.7223],[-73.7755,40.7191],[-73.7764,40.7188],[-73.7758,40.7177],[-73.7749,40.7178],[-73.7736,40.7151],[-73.7826,40.7129],[-73.7802,40.7085],[-73.78,40.707],[-73.7831,40.7063],[-73.7709,40.7086],[-73.7749,40.7071],[-73.7756,40.7053],[-73.7673,40.7063],[-73.7534,40.7101],[-73.7537,40.7133],[-73.7547,40.7147],[-73.7556,40.7143],[-73.7573,40.7181],[-73.7581,40.7178],[-73.7603,40.722],[-73.7662,40.7263],[-73.7729,40.7249],[-73.7773,40.7223]]],[[[-73.7808,40.7284],[-73.778,40.7233],[-73.7752,40.7252],[-73.7776,40.7302],[-73.7812,40.7292],[-73.7808,40.7284]]]]},"properties":{"modzcta":"11423","label":"11423","zcta":"11423","pop_est":"31400"}},
{"type":"Feature","geometry":{"type":"Polygon","coordinates":[[[-73.723,40.7542],[-73.7274,40.751],[-73.7323,40.7438],[-73.7266,40.7408],[-73.7275,40.7407],[-73.7261,40.7362],[-73.7271,40.7361],[-73.7264,40.7335],[-73.7311,40.7327],[-73.7317,40.7309],[-73.7305,40.7309],[-73.7322,40.7292],[-73.7312,40.7289],[-73.7297,40.7225],[-73.7177,40.7262],[-73.7105,40.7272],[-73.7116,40.7282],[-73.7118,40.7293],[-73.7107,40.7294],[-73.7109,40.731],[-73.712,40.7308],[-73.7123,40.7323],[-73.7115,40.7325],[-73.7125,40.7342],[-73.714,40.7339],[-73.7147,40.736],[-73.7137,40.7362],[-73.718,40.7434],[-73.7175,40.7435],[-73.7204,40.7504],[-73.7218,40.7511],[-73.7212,40.7524],[-73.723,40.7542]]]},"properties":{"modzcta":"11426","label":"11426","zcta":"11426","pop_est":"20801"}},
{"type":"Feature","geometry":{"type":"Polygon","coordinates":[[[-73.7402,40.7385],[-73.7467,40.7325],[-73.7465,40.7358],[-73.7656,40.7325],[-73.7567,40.7262],[-73.7662,40.7263],[-73.7603,40.722],[-73.7581,40.7178],[-73.7573,40.7181],[-73.7518,40.7205],[-73.7393,40.7282],[-73.7408,40.7296],[-73.7336,40.7279],[-73.7331,40.7294],[-73.7322,40.7292],[-73.7305,40.7309],[-73.7317,40.7309],[-73.7311,40.7327],[-73.7264,40.7335],[-73.7271,40.7361],[-73.7261,40.7362],[-73.7275,40.7407],[-73.7266,40.7408],[-73.7323,40.7438],[-73.7402,40.7385]]]},"properties":{"modzcta":"11427","label":"11427","zcta":"11427","pop_est":"24037"}},
{"type":"Feature","geometry":{"type":"Polygon","coordinates":[[[-73.7537,40.7133],[-73.7354,40.7177],[-73.7323,40.7203],[-73.7297,40.7205],[-73.7297,40.7225],[-73.7312,40.7289],[-73.7322,40.7292],[-73.7331,40.7294],[-73.7336,40.7279],[-73.7408,40.7296],[-73.7393,40.7282],[-73.7518,40.7205],[-73.7573,40.7181],[-73.7556,40.7143],[-73.7547,40.7147],[-73.7537,40.7133]]]},"properties":{"modzcta":"11428","label":"11428","zcta":"11428","pop_est":"18929"}},
{"type":"Feature","geometry":{"type":"Polygon","coordinates":[[[-73.8016,40.6668],[-73.7894,40.6668],[-73.7881,40.673],[-73.7905,40.6734],[-73.7899,40.6752],[-73.7903,40.676],[-73.7916,40.6757],[-73.7923,40.6774],[-73.7911,40.6778],[-73.7927,40.6846],[-73.7937,40.6844],[-73.7946,40.6861],[-73.8058,40.6829],[-73.8014,40.6736],[-73.8016,40.6668]]]},"properties":{"modzcta":"11436","label":"11436","zcta":"11436","pop_est":"20077"}},
{"type":"Feature","geometry":{"type":"Polygon","coordinates":[[[-73.7892,40.5975],[-73.7848,40.5977],[-73.7834,40.5927],[-73.7851,40.5922],[-73.7816,40.5922],[-73.7814,40.5908],[-73.7791,40.5911],[-73.7793,40.5926],[-73.7771,40.5927],[-73.7765,40.5914],[-73.7767,40.5927],[-73.7702,40.594],[-73.7698,40.5907],[-73.7614,40.5917],[-73.7536,40.5909],[-73.7467,40.5943],[-73.738,40.5946],[-73.7384,40.5971],[-73.7399,40.5961],[-73.7418,40.5967],[-73.7406,40.597],[-73.7401,40.5962],[-73.7384,40.5976],[-73.7384,40.6031],[-73.7434,40.6075],[-73.7458,40.612],[-73.7469,40.6116],[-73.748,40.6123],[-73.7556,40.6101],[-73.7597,40.6102],[-73.76,40.6109],[-73.7615,40.609],[-73.7602,40.6108],[-73.7617,40.6118],[-73.7651,40.612],[-73.7653,40.6138],[-73.7734,40.6137],[-73.7742,40.6118],[-73.773,40.6102],[-73.7734,40.6111],[-73.7722,40.6115],[-73.7689,40.6092],[-73.7712,40.5994],[-73.7681,40.5978],[-73.7735,40.5981],[-73.775,40.6017],[-73.7801,40.5969],[-73.7819,40.5984],[-73.7802,40.6007],[-73.7781,40.6004],[-73.7747,40.6043],[-73.7745,40.6071],[-73.776,40.6092],[-73.7746,40.6074],[-73.7741,40.6087],[-73.7771,40.6099],[-73.7794,40.6092],[-73.7832,40.6058],[-73.7835,40.6025],[-73.7892,40.5975]]]},"properties":{"modzcta":"11691","label":"11691","zcta":"11691","pop_est":"67094"}},
{"type":"Feature","geometry":{"type":"Polygon","coordinates":[[[-73.7892,40.5975],[-73.7892,40.5952],[-73.7907,40.5948],[-73.7912,40.5968],[-73.7903,40.5992],[-73.7865,40.6032],[-73.7923,40.6],[-73.803,40.5988],[-73.8051,40.5971],[-73.8023,40.5945],[-73.8028,40.5926],[-73.8031,40.5907],[-73.8053,40.5905],[-73.8051,40.5882],[-73.8043,40.5883],[-73.804,40.5865],[-73.8017,40.5867],[-73.8013,40.5854],[-73.7804,40.5896],[-73.7698,40.5907],[-73.7702,40.594],[-73.7767,40.5927],[-73.7765,40.5914],[-73.7771,40.5927],[-73.7793,40.5926],[-73.7791,40.5911],[-73.7814,40.5908],[-73.7816,40.5922],[-73.7851,40.5922],[-73.7834,40.5927],[-73.7848,40.5977],[-73.7892,40.5975]]]},"properties":{"modzcta":"11692","label":"11692","zcta":"11692","pop_est":"20991"}},
{"type":"Feature","geometry":{"type":"MultiPolygon","coordinates":[[[[-73.8028,40.5926],[-73.8049,40.5951],[-73.8069,40.5954],[-73.808,40.5937],[-73.8043,40.5913],[-73.8058,40.5919],[-73.8058,40.5908],[-73.806,40.592],[-73.8096,40.5936],[-73.8099,40.5923],[-73.8113,40.5917],[-73.8115,40.5929],[-73.8117,40.5916],[-73.8191,40.588],[-73.8194,40.5874],[-73.8201,40.587],[-73.8196,40.5846],[-73.8188,40.5849],[-73.8177,40.5832],[-73.8154,40.5834],[-73.8173,40.5823],[-73.8013,40.5854],[-73.8017,40.5867],[-73.804,40.5865],[-73.8043,40.5883],[-73.8051,40.5882],[-73.8053,40.5905],[-73.8031,40.5907],[-73.8028,40.5926]]],[[[-73.8238,40.6115],[-73.8216,40.6085],[-73.8205,40.6102],[-73.8209,40.6123],[-73.8196,40.6105],[-73.8213,40.607],[-73.8229,40.6059],[-73.8229,40.6026],[-73.8245,40.6008],[-73.8215,40.6],[-73.8238,40.6],[-73.8246,40.5982],[-73.826,40.5995],[-73.8281,40.5977],[-73.8324,40.5978],[-73.8347,40.5952],[-73.8212,40.5948],[-73.8185,40.5994],[-73.8174,40.6052],[-73.8151,40.6073],[-73.8152,40.6098],[-73.8156,40.6107],[-73.8162,40.6129],[-73.8164,40.6143],[-73.8165,40.6149],[-73.8214,40.6151],[-73.8238,40.6115]]]]},"properties":{"modzcta":"11693","label":"11693","zcta":"11693","pop_est":"12919"}},
{"type":"Feature","geometry":{"type":"MultiPolygon","coordinates":[[[[-73.7137,40.7362],[-73.7147,40.736],[-73.714,40.7339],[-73.7125,40.7342],[-73.7115,40.7325],[-73.7123,40.7323],[-73.712,40.7308],[-73.7109,40.731],[-73.7107,40.7294],[-73.7118,40.7293],[-73.7116,40.7282],[-73.7105,40.7272],[-73.7077,40.7278],[-73.7,40.7393],[-73.7018,40.7383],[-73.7083,40.7373],[-73.7076,40.7355],[-73.7085,40.7351],[-73.7092,40.7371],[-73.7137,40.7362]]],[[[-73.7269,40.7058],[-73.727,40.7107],[-73.7297,40.7205],[-73.7323,40.7203],[-73.7354,40.7177],[-73.7537,40.7133],[-73.7534,40.7101],[-73.7525,40.7103],[-73.7521,40.7071],[-73.7512,40.7073],[-73.7486,40.7016],[-73.7433,40.703],[-73.7411,40.7018],[-73.7382,40.7019],[-73.7382,40.7026],[-73.7277,40.7016],[-73.7278,40.7062],[-73.7269,40.7058]]]]},"properties":{"modzcta":"11429","label":"11429","zcta":"11001, 11429","pop_est":"31780"}},
{"type":"Feature","geometry":{"type":"Polygon","coordinates":[[[-73.778,40.7233],[-73.7808,40.7284],[-73.7832,40.7276],[-73.7836,40.7284],[-73.7862,40.7276],[-73.7857,40.7268],[-73.7883,40.726],[-73.7896,40.7264],[-73.809,40.7199],[-73.8087,40.7183],[-73.8118,40.7176],[-73.8118,40.7169],[-73.8082,40.7172],[-73.8078,40.7157],[-73.8102,40.7157],[-73.8101,40.7135],[-73.809,40.7131],[-73.8089,40.7106],[-73.8041,40.7015],[-73.8031,40.7017],[-73.8024,40.7019],[-73.7999,40.7025],[-73.8002,40.7033],[-73.7992,40.7038],[-73.7984,40.7027],[-73.7938,40.704],[-73.7949,40.7055],[-73.794,40.7058],[-73.7928,40.7044],[-73.7917,40.7049],[-73.7925,40.7064],[-73.7915,40.7067],[-73.791,40.7058],[-73.7892,40.7062],[-73.7896,40.7072],[-73.7887,40.7075],[-73.7802,40.7085],[-73.7826,40.7129],[-73.7736,40.7151],[-73.7749,40.7178],[-73.7758,40.7177],[-73.7764,40.7188],[-73.7755,40.7191],[-73.7773,40.7223],[-73.778,40.7233]]]},"properties":{"modzcta":"11432","label":"11432","zcta":"11432","pop_est":"62053"}},
{"type":"Feature","geometry":{"type":"Polygon","coordinates":[[[-73.7756,40.7053],[-73.7749,40.7071],[-73.7709,40.7086],[-73.7831,40.7063],[-73.78,40.707],[-73.7802,40.7085],[-73.7887,40.7075],[-73.7896,40.7072],[-73.7892,40.7062],[-73.791,40.7058],[-73.7915,40.7067],[-73.7925,40.7064],[-73.7917,40.7049],[-73.7928,40.7044],[-73.794,40.7058],[-73.7949,40.7055],[-73.7938,40.704],[-73.7984,40.7027],[-73.7992,40.7038],[-73.8002,40.7033],[-73.7999,40.7025],[-73.8024,40.7019],[-73.804,40.7011],[-73.8035,40.7003],[-73.8021,40.7006],[-73.8024,40.6979],[-73.8012,40.6953],[-73.8005,40.6959],[-73.7999,40.695],[-73.8007,40.6939],[-73.7976,40.691],[-73.7968,40.6914],[-73.7972,40.6904],[-73.7955,40.6895],[-73.7944,40.6869],[-73.7909,40.6884],[-73.7904,40.6878],[-73.7848,40.6894],[-73.7808,40.691],[-73.7817,40.6923],[-73.7794,40.6936],[-73.7778,40.6943],[-73.7775,40.693],[-73.7762,40.6937],[-73.7758,40.693],[-73.7699,40.6963],[-73.7732,40.7002],[-73.7756,40.7053]]]},"properties":{"modzcta":"11433","label":"11433","zcta":"11433, 11451","pop_est":"36489"}},
{"type":"Feature","geometry":{"type":"Polygon","coordinates":[[[-73.7541,40.6487],[-73.7674,40.6562],[-73.7658,40.6563],[-73.7662,40.6585],[-73.7677,40.6584],[-73.768,40.6603],[-73.7662,40.6601],[-73.7635,40.6663],[-73.7654,40.6668],[-73.7636,40.6672],[-73.7623,40.6719],[-73.764,40.6728],[-73.7637,40.6747],[-73.7625,40.6742],[-73.7579,40.6761],[-73.7598,40.6789],[-73.758,40.6792],[-73.7618,40.6845],[-73.7662,40.6922],[-73.7652,40.6928],[-73.7693,40.6967],[-73.7699,40.6963],[-73.7758,40.693],[-73.7762,40.6937],[-73.7775,40.693],[-73.7778,40.6943],[-73.7794,40.6936],[-73.7817,40.6923],[-73.7808,40.691],[-73.7848,40.6894],[-73.7904,40.6878],[-73.7909,40.6884],[-73.7944,40.6869],[-73.7946,40.6861],[-73.7937,40.6844],[-73.7927,40.6846],[-73.7911,40.6778],[-73.7923,40.6774],[-73.7916,40.6757],[-73.7903,40.676],[-73.7899,40.6752],[-73.7905,40.6734],[-73.7881,40.673],[-73.7894,40.6668],[-73.8016,40.6668],[-73.8103,40.6671],[-73.8112,40.6632],[-73.815,40.6625],[-73.8269,40.6637],[-73.8327,40.6654],[-73.8286,40.6572],[-73.8264,40.6483],[-73.8261,40.6501],[-73.8229,40.6481],[-73.825,40.6554],[-73.8235,40.6601],[-73.8187,40.6621],[-73.8115,40.6608],[-73.8126,40.6602],[-73.8187,40.6611],[-73.8223,40.6594],[-73.8235,40.6554],[-73.8212,40.6491],[-73.8183,40.6464],[-73.7922,40.6359],[-73.7908,40.6339],[-73.7894,40.6343],[-73.7843,40.6314],[-73.7826,40.6302],[-73.7849,40.6266],[-73.7814,40.6248],[-73.7795,40.6273],[-73.7765,40.6277],[-73.7709,40.6233],[-73.7717,40.621],[-73.7709,40.62],[-73.7687,40.6227],[-73.767,40.6275],[-73.765,40.6294],[-73.7485,40.6355],[-73.7478,40.6421],[-73.7546,40.6472],[-73.7552,40.6474],[-73.7541,40.6487]]]},"properties":{"modzcta":"11434","label":"11434","zcta":"11430, 11434","pop_est":"65989"}},
{"type":"Feature","geometry":{"type":"Polygon","coordinates":[[[-73.8186,40.7069],[-73.8137,40.6972],[-73.8079,40.6871],[-73.8058,40.6829],[-73.7946,40.6861],[-73.7944,40.6869],[-73.7955,40.6895],[-73.7972,40.6904],[-73.7968,40.6914],[-73.7976,40.691],[-73.8007,40.6939],[-73.7999,40.695],[-73.8005,40.6959],[-73.8012,40.6953],[-73.8024,40.6979],[-73.8021,40.7006],[-73.8035,40.7003],[-73.804,40.7011],[-73.8024,40.7019],[-73.8031,40.7017],[-73.8041,40.7015],[-73.8089,40.7106],[-73.809,40.7131],[-73.8101,40.7135],[-73.8102,40.7157],[-73.8078,40.7157],[-73.8082,40.7172],[-73.8118,40.7169],[-73.8118,40.7176],[-73.8121,40.7191],[-73.8171,40.7177],[-73.8167,40.7168],[-73.8182,40.7164],[-73.8193,40.7171],[-73.8257,40.7162],[-73.8257,40.7161],[-73.8186,40.7069]]]},"properties":{"modzcta":"11435","label":"11435","zcta":"11435","pop_est":"59296"}},
{"type":"Feature","geometry":{"type":"Polygon","coordinates":[[[-73.8191,40.588],[-73.8215,40.5868],[-73.8232,40.5875],[-73.8278,40.5861],[-73.8285,40.5849],[-73.8387,40.5827],[-73.8393,40.5819],[-73.8504,40.5821],[-73.8629,40.5761],[-73.864,40.575],[-73.8636,40.5738],[-73.8666,40.5731],[-73.8645,40.5691],[-73.8673,40.568],[-73.865,40.5666],[-73.8627,40.5665],[-73.8339,40.5777],[-73.8173,40.5823],[-73.8154,40.5834],[-73.8177,40.5832],[-73.8188,40.5849],[-73.8196,40.5846],[-73.8201,40.587],[-73.8194,40.5874],[-73.8191,40.588]]]},"properties":{"modzcta":"11694","label":"11694","zcta":"11694","pop_est":"21354"}},
{"type":"Feature","geometry":{"type":"Polygon","coordinates":[[[-73.8629,40.5761],[-73.8779,40.5688],[-73.8845,40.5679],[-73.8843,40.5687],[-73.8891,40.5679],[-73.8926,40.5686],[-73.8957,40.5671],[-73.8961,40.5654],[-73.901,40.5629],[-73.9029,40.5635],[-73.9064,40.5627],[-73.9079,40.5641],[-73.9115,40.5651],[-73.9191,40.5625],[-73.9262,40.5616],[-73.9321,40.5577],[-73.9365,40.5569],[-73.9393,40.555],[-73.9403,40.5526],[-73.9407,40.5418],[-73.9405,40.5429],[-73.9069,40.5556],[-73.9026,40.5568],[-73.8971,40.5567],[-73.887,40.5594],[-73.8726,40.5639],[-73.8705,40.5646],[-73.8684,40.5653],[-73.8665,40.566],[-73.865,40.5666],[-73.8673,40.568],[-73.8645,40.5691],[-73.8666,40.5731],[-73.8636,40.5738],[-73.864,40.575],[-73.8629,40.5761]]]},"properties":{"modzcta":"11697","label":"11697","zcta":"11697","pop_est":"3540"}},
{"type":"Feature","geometry":{"type":"MultiPolygon","coordinates":[[[[-73.9586,40.8],[-73.967,40.7885],[-73.9741,40.7788],[-73.982,40.7684],[-73.9822,40.7678],[-73.973,40.7643],[-73.9726,40.7649],[-73.9684,40.7705],[-73.9651,40.775],[-73.9632,40.7777],[-73.9599,40.7822],[-73.9558,40.7879],[-73.9544,40.7898],[-73.9539,40.7905],[-73.9492,40.7969],[-73.9579,40.8005],[-73.9586,40.8]]],[[[-73.9881,40.7814],[-73.9889,40.7799],[-73.9874,40.7811],[-73.9881,40.7814]]],[[[-73.8923,40.7758],[-73.8918,40.7767],[-73.8925,40.7774],[-73.8923,40.7758]]],[[[-74.1346,40.5513],[-74.1387,40.5485],[-74.1359,40.5464],[-74.1331,40.5468],[-74.1303,40.5461],[-74.1276,40.5436],[-74.1274,40.542],[-74.134,40.5356],[-74.1403,40.5354],[-74.1389,40.53],[-74.1369,40.5293],[-74.1307,40.5345],[-74.1225,40.5449],[-74.1198,40.5455],[-74.1165,40.5479],[-74.1134,40.5481],[-74.1149,40.5496],[-74.1166,40.5491],[-74.1185,40.5514],[-74.1194,40.5521],[-74.1273,40.5573],[-74.1346,40.5513]]],[[[-74.1984,40.6009],[-74.1974,40.5985],[-74.1971,40.5998],[-74.1984,40.6009]]],[[[-73.9056,40.8398],[-73.9051,40.8425],[-73.9096,40.8428],[-73.9089,40.8389],[-73.9096,40.8371],[-73.9079,40.8372],[-73.9056,40.8398]]],[[[-73.897,40.8343],[-73.8884,40.8386],[-73.8873,40.8381],[-73.8866,40.8393],[-73.8881,40.8399],[-73.8887,40.8392],[-73.8922,40.841],[-73.8954,40.8429],[-73.8929,40.8463],[-73.8962,40.8467],[-73.8976,40.8438],[-73.8965,40.8437],[-73.9006,40.8366],[-73.9012,40.8354],[-73.897,40.8343]]],[[[-73.8774,40.8554],[-73.8742,40.8529],[-73.8782,40.8426],[-73.8746,40.8415],[-73.8718,40.8438],[-73.8717,40.8547],[-73.8684,40.8578],[-73.8711,40.8573],[-73.8694,40.8781],[-73.8709,40.8785],[-73.8752,40.8716],[-73.8799,40.8684],[-73.8791,40.868],[-73.8839,40.8649],[-73.882,40.862],[-73.881,40.8613],[-73.8807,40.8609],[-73.8807,40.8608],[-73.8809,40.8575],[-73.8774,40.8554]]],[[[-73.8168,40.8643],[-73.8203,40.861],[-73.82,40.8599],[-73.821,40.86],[-73.8211,40.8593],[-73.8217,40.8606],[-73.8228,40.8601],[-73.822,40.8601],[-73.822,40.8593],[-73.8205,40.8591],[-73.8186,40.8595],[-73.8184,40.861],[-73.8164,40.8612],[-73.8151,40.8631],[-73.8152,40.8656],[-73.8168,40.8643]]],[[[-73.8842,40.8226],[-73.8824,40.8189],[-73.8767,40.8154],[-73.8765,40.8161],[-73.882,40.8194],[-73.8842,40.8226]]],[[[-73.8746,40.6456],[-73.8784,40.6389],[-73.8735,40.6363],[-73.8695,40.638],[-73.8739,40.6464],[-73.8746,40.6456]]],[[[-73.9662,40.6532],[-73.9619,40.6549],[-73.9631,40.6555],[-73.9628,40.6572],[-73.965,40.6622],[-73.9629,40.6638],[-73.9692,40.6728],[-73.9704,40.6726],[-73.9802,40.661],[-73.9752,40.6587],[-73.9724,40.6507],[-73.9662,40.6532]]],[[[-73.9986,40.6718],[-73.9988,40.6716],[-73.9988,40.6696],[-73.9982,40.6712],[-73.9986,40.6718]]],[[[-74.0021,40.6461],[-74.0007,40.6475],[-74.0051,40.6501],[-74.0062,40.649],[-74.0068,40.6485],[-74.0021,40.6461]]],[[[-73.8901,40.7736],[-73.8902,40.7779],[-73.8918,40.7749],[-73.8901,40.7736]]],[[[-73.8165,40.6149],[-73.8178,40.6175],[-73.8172,40.6193],[-73.8154,40.6201],[-73.8157,40.6215],[-73.8178,40.6216],[-73.8189,40.6231],[-73.8161,40.6246],[-73.8211,40.6297],[-73.8234,40.639],[-73.8242,40.64],[-73.8244,40.6362],[-73.8259,40.6357],[-73.8281,40.6359],[-73.8329,40.6389],[-73.8311,40.6327],[-73.8331,40.6279],[-73.8317,40.6288],[-73.8323,40.6271],[-73.8306,40.6262],[-73.8321,40.6231],[-73.8311,40.6229],[-73.8305,40.6241],[-73.8304,40.6226],[-73.8292,40.6242],[-73.8305,40.6223],[-73.8327,40.6225],[-73.8327,40.6219],[-73.8316,40.622],[-73.8343,40.6206],[-73.8338,40.6196],[-73.8349,40.6205],[-73.8349,40.6196],[-73.8355,40.6199],[-73.835,40.6176],[-73.8378,40.6155],[-73.8343,40.6144],[-73.8305,40.6149],[-73.8275,40.6142],[-73.8273,40.6134],[-73.8258,40.6142],[-73.8238,40.6115],[-73.8214,40.6151],[-73.8165,40.6149]]],[[[-73.8162,40.6129],[-73.815,40.613],[-73.8155,40.614],[-73.8141,40.6146],[-73.8164,40.6143],[-73.8162,40.6129]]],[[[-73.8152,40.6098],[-73.8145,40.6111],[-73.8156,40.6107],[-73.8152,40.6098]]]]},"properties":{"modzcta":"99999","label":"","zcta":"99999","pop_est":"0"}}
]}